"Id","Path","Slice Name","Alias(s)","Label","Min","Max","Must Support?","Is Modifier?","Is Summary?","Type(s)","Short","Definition","Comments","Requirements","Default Value","Meaning When Missing","Fixed Value","Pattern","Example","Minimum Value","Maximum Value","Maximum Length","Binding Strength","Binding Description","Binding Value Set","Code","Slicing Discriminator","Slicing Description","Slicing Ordered","Slicing Rules","Base Path","Base Min","Base Max","Condition(s)","Constraint(s)","Mapping: RIM Mapping"
"Extension","Extension","","","",0,*,"","","","null {[]} {[]}
","R5: Values and parameters for a single statistic (new)","R5: `Evidence.statistic` (new:BackboneElement)","Element `Evidence.statistic` has a context of Evidence based on following the parent source element upwards and mapping to `Evidence`.
Element `Evidence.statistic` has no mapping targets in FHIR R4. Typically, this is because the element has been added (is a new element).","","","","","","","","",,,,,"",,,,"Extension",0,*,"ele-1
","ele-1:All FHIR elements must have a @value or children {hasValue() or (children().count() > id.count())}
ext-1:Must have either extensions or value[x], not both {extension.exists() != value.exists()}"
"Extension.id","Extension.id","","","",0,1,"","","","string {[]} {[]}
","Unique id for inter-element referencing","Unique id for the element within a resource (for internal references). This may be any string value that does not contain spaces.","","","","","","","","","",,,,,"",,,,"Element.id",0,1,"","","n/a"
"Extension.extension","Extension.extension","","","",0,*,"","","","Extension {[]} {[]}
","Extension","An Extension","","","","","","","","","",,,,,"","value:url}
","Extensions are always sliced by (at least) url",,"open","Element.extension",0,*,"","ele-1:All FHIR elements must have a @value or children {hasValue() or (children().count() > id.count())}
ext-1:Must have either extensions or value[x], not both {extension.exists() != value.exists()}"
"Extension.extension:description","Extension.extension","description","","",0,1,"","","","Extension {[]} {[]}
","R5: Description of content (new)","R5: `Evidence.statistic.description` (new:markdown)","Element `Evidence.statistic.description` is part of an existing definition because parent element `Evidence.statistic` requires a cross-version extension.
Element `Evidence.statistic.description` has a context of Evidence based on following the parent source element upwards and mapping to `Evidence`.
Element `Evidence.statistic.description` has no mapping targets in FHIR R4. Typically, this is because the element has been added (is a new element).","Element `Evidence.statistic.description` is part of an existing definition because parent element `Evidence.statistic` requires a cross-version extension.
Element `Evidence.statistic.description` has a context of Evidence based on following the parent source element upwards and mapping to `Evidence`.
Element `Evidence.statistic.description` has no mapping targets in FHIR R4. Typically, this is because the element has been added (is a new element).","","","","","","","",,,,,"",,,,"Element.extension",0,*,"","ele-1:All FHIR elements must have a @value or children {hasValue() or (children().count() > id.count())}
ext-1:Must have either extensions or value[x], not both {extension.exists() != value.exists()}"
"Extension.extension:description.id","Extension.extension.id","","","",0,1,"","","","string {[]} {[]}
","Unique id for inter-element referencing","Unique id for the element within a resource (for internal references). This may be any string value that does not contain spaces.","","","","","","","","","",,,,,"",,,,"Element.id",0,1,"","","n/a"
"Extension.extension:description.extension","Extension.extension.extension","","extensions
user content","",0,*,"","","","Extension {[]} {[]}
","Additional content defined by implementations","May be used to represent additional information that is not part of the basic definition of the element. To make the use of extensions safe and manageable, there is a strict set of governance  applied to the definition and use of extensions. Though any implementer can define an extension, there is a set of requirements that SHALL be met as part of the definition of the extension.","There can be no stigma associated with the use of extensions by any application, project, or standard - regardless of the institution or jurisdiction that uses or defines the extensions.  The use of extensions is what allows the FHIR specification to retain a core level of simplicity for everyone.","","","","","","","","",,,,,"","value:url}
","Extensions are always sliced by (at least) url",,"open","Element.extension",0,*,"","ele-1:All FHIR elements must have a @value or children {hasValue() or (children().count() > id.count())}
ext-1:Must have either extensions or value[x], not both {extension.exists() != value.exists()}","n/a"
"Extension.extension:description.url","Extension.extension.url","","","",1,1,"","","","uri {[]} {[]}
","identifies the meaning of the extension","Source of the definition for the extension code - a logical name or a URL.","The definition may point directly to a computable or human-readable definition of the extensibility codes, or it may be a logical URI as declared in some other specification. The definition SHALL be a URI for the Structure Definition defining the extension.","","","","<valueUri xmlns=""http://hl7.org/fhir"" value=""description""/>","","","","",,,,,"",,,,"Extension.url",1,1,"","","N/A"
"Extension.extension:description.value[x]","Extension.extension.value[x]","","","",0,1,"","","","markdown {[]} {[]}
","Description of content","A description of the content value of the statistic.","","","","","","","","","",,,,,"",,,,"Extension.value[x]",0,1,"","ele-1:All FHIR elements must have a @value or children {hasValue() or (children().count() > id.count())}
","N/A"
"Extension.extension:note","Extension.extension","note","","",0,*,"","","","Extension {[]} {[]}
","R5: Footnotes and/or explanatory notes (new)","R5: `Evidence.statistic.note` (new:Annotation)","Element `Evidence.statistic.note` is part of an existing definition because parent element `Evidence.statistic` requires a cross-version extension.
Element `Evidence.statistic.note` has a context of Evidence based on following the parent source element upwards and mapping to `Evidence`.
Element `Evidence.statistic.note` has no mapping targets in FHIR R4. Typically, this is because the element has been added (is a new element).","Element `Evidence.statistic.note` is part of an existing definition because parent element `Evidence.statistic` requires a cross-version extension.
Element `Evidence.statistic.note` has a context of Evidence based on following the parent source element upwards and mapping to `Evidence`.
Element `Evidence.statistic.note` has no mapping targets in FHIR R4. Typically, this is because the element has been added (is a new element).","","","","","","","",,,,,"",,,,"Element.extension",0,*,"","ele-1:All FHIR elements must have a @value or children {hasValue() or (children().count() > id.count())}
ext-1:Must have either extensions or value[x], not both {extension.exists() != value.exists()}"
"Extension.extension:note.id","Extension.extension.id","","","",0,1,"","","","string {[]} {[]}
","Unique id for inter-element referencing","Unique id for the element within a resource (for internal references). This may be any string value that does not contain spaces.","","","","","","","","","",,,,,"",,,,"Element.id",0,1,"","","n/a"
"Extension.extension:note.extension","Extension.extension.extension","","extensions
user content","",0,*,"","","","Extension {[]} {[]}
","Additional content defined by implementations","May be used to represent additional information that is not part of the basic definition of the element. To make the use of extensions safe and manageable, there is a strict set of governance  applied to the definition and use of extensions. Though any implementer can define an extension, there is a set of requirements that SHALL be met as part of the definition of the extension.","There can be no stigma associated with the use of extensions by any application, project, or standard - regardless of the institution or jurisdiction that uses or defines the extensions.  The use of extensions is what allows the FHIR specification to retain a core level of simplicity for everyone.","","","","","","","","",,,,,"","value:url}
","Extensions are always sliced by (at least) url",,"open","Element.extension",0,*,"","ele-1:All FHIR elements must have a @value or children {hasValue() or (children().count() > id.count())}
ext-1:Must have either extensions or value[x], not both {extension.exists() != value.exists()}","n/a"
"Extension.extension:note.url","Extension.extension.url","","","",1,1,"","","","uri {[]} {[]}
","identifies the meaning of the extension","Source of the definition for the extension code - a logical name or a URL.","The definition may point directly to a computable or human-readable definition of the extensibility codes, or it may be a logical URI as declared in some other specification. The definition SHALL be a URI for the Structure Definition defining the extension.","","","","<valueUri xmlns=""http://hl7.org/fhir"" value=""note""/>","","","","",,,,,"",,,,"Extension.url",1,1,"","","N/A"
"Extension.extension:note.value[x]","Extension.extension.value[x]","","","",0,1,"","","","Annotation {[]} {[]}
","Footnotes and/or explanatory notes","Footnotes and/or explanatory notes.","","","","","","","","","",,,,,"",,,,"Extension.value[x]",0,1,"","ele-1:All FHIR elements must have a @value or children {hasValue() or (children().count() > id.count())}
","N/A"
"Extension.extension:statisticType","Extension.extension","statisticType","","",0,1,"","","","Extension {[]} {[]}
","R5: Type of statistic, e.g., relative risk (new)","R5: `Evidence.statistic.statisticType` (new:CodeableConcept)","Element `Evidence.statistic.statisticType` is part of an existing definition because parent element `Evidence.statistic` requires a cross-version extension.
Element `Evidence.statistic.statisticType` has a context of Evidence based on following the parent source element upwards and mapping to `Evidence`.
Element `Evidence.statistic.statisticType` has no mapping targets in FHIR R4. Typically, this is because the element has been added (is a new element).","Element `Evidence.statistic.statisticType` is part of an existing definition because parent element `Evidence.statistic` requires a cross-version extension.
Element `Evidence.statistic.statisticType` has a context of Evidence based on following the parent source element upwards and mapping to `Evidence`.
Element `Evidence.statistic.statisticType` has no mapping targets in FHIR R4. Typically, this is because the element has been added (is a new element).","","","","","","","",,,,,"",,,,"Element.extension",0,*,"","ele-1:All FHIR elements must have a @value or children {hasValue() or (children().count() > id.count())}
ext-1:Must have either extensions or value[x], not both {extension.exists() != value.exists()}"
"Extension.extension:statisticType.id","Extension.extension.id","","","",0,1,"","","","string {[]} {[]}
","Unique id for inter-element referencing","Unique id for the element within a resource (for internal references). This may be any string value that does not contain spaces.","","","","","","","","","",,,,,"",,,,"Element.id",0,1,"","","n/a"
"Extension.extension:statisticType.extension","Extension.extension.extension","","extensions
user content","",0,*,"","","","Extension {[]} {[]}
","Additional content defined by implementations","May be used to represent additional information that is not part of the basic definition of the element. To make the use of extensions safe and manageable, there is a strict set of governance  applied to the definition and use of extensions. Though any implementer can define an extension, there is a set of requirements that SHALL be met as part of the definition of the extension.","There can be no stigma associated with the use of extensions by any application, project, or standard - regardless of the institution or jurisdiction that uses or defines the extensions.  The use of extensions is what allows the FHIR specification to retain a core level of simplicity for everyone.","","","","","","","","",,,,,"","value:url}
","Extensions are always sliced by (at least) url",,"open","Element.extension",0,*,"","ele-1:All FHIR elements must have a @value or children {hasValue() or (children().count() > id.count())}
ext-1:Must have either extensions or value[x], not both {extension.exists() != value.exists()}","n/a"
"Extension.extension:statisticType.url","Extension.extension.url","","","",1,1,"","","","uri {[]} {[]}
","identifies the meaning of the extension","Source of the definition for the extension code - a logical name or a URL.","The definition may point directly to a computable or human-readable definition of the extensibility codes, or it may be a logical URI as declared in some other specification. The definition SHALL be a URI for the Structure Definition defining the extension.","","","","<valueUri xmlns=""http://hl7.org/fhir"" value=""statisticType""/>","","","","",,,,,"",,,,"Extension.url",1,1,"","","N/A"
"Extension.extension:statisticType.value[x]","Extension.extension.value[x]","","","",0,1,"","","","CodeableConcept {[]} {[]}
","Type of statistic, e.g., relative risk","Type of statistic, e.g., relative risk.","","","","","","","","","",,"extensible","","http://hl7.org/fhir/uv/xver/ValueSet/R5-statistic-type-for-R4|0.1.0","",,,,"Extension.value[x]",0,1,"","ele-1:All FHIR elements must have a @value or children {hasValue() or (children().count() > id.count())}
","N/A"
"Extension.extension:category","Extension.extension","category","","",0,1,"","","","Extension {[]} {[]}
","R5: Associated category for categorical variable (new)","R5: `Evidence.statistic.category` (new:CodeableConcept)","Element `Evidence.statistic.category` is part of an existing definition because parent element `Evidence.statistic` requires a cross-version extension.
Element `Evidence.statistic.category` has a context of Evidence based on following the parent source element upwards and mapping to `Evidence`.
Element `Evidence.statistic.category` has no mapping targets in FHIR R4. Typically, this is because the element has been added (is a new element).
Simple strings can be used for descriptive purposes. Exact matching to EvidenceVariable.category.name for the Evidence.variableDefinition[variableRole=measuredVariable].observed=Reference(EvidenceVariable) could facilitate validation within datasets.","Element `Evidence.statistic.category` is part of an existing definition because parent element `Evidence.statistic` requires a cross-version extension.
Element `Evidence.statistic.category` has a context of Evidence based on following the parent source element upwards and mapping to `Evidence`.
Element `Evidence.statistic.category` has no mapping targets in FHIR R4. Typically, this is because the element has been added (is a new element).","","","","","","","",,,,,"",,,,"Element.extension",0,*,"","ele-1:All FHIR elements must have a @value or children {hasValue() or (children().count() > id.count())}
ext-1:Must have either extensions or value[x], not both {extension.exists() != value.exists()}"
"Extension.extension:category.id","Extension.extension.id","","","",0,1,"","","","string {[]} {[]}
","Unique id for inter-element referencing","Unique id for the element within a resource (for internal references). This may be any string value that does not contain spaces.","","","","","","","","","",,,,,"",,,,"Element.id",0,1,"","","n/a"
"Extension.extension:category.extension","Extension.extension.extension","","extensions
user content","",0,*,"","","","Extension {[]} {[]}
","Additional content defined by implementations","May be used to represent additional information that is not part of the basic definition of the element. To make the use of extensions safe and manageable, there is a strict set of governance  applied to the definition and use of extensions. Though any implementer can define an extension, there is a set of requirements that SHALL be met as part of the definition of the extension.","There can be no stigma associated with the use of extensions by any application, project, or standard - regardless of the institution or jurisdiction that uses or defines the extensions.  The use of extensions is what allows the FHIR specification to retain a core level of simplicity for everyone.","","","","","","","","",,,,,"","value:url}
","Extensions are always sliced by (at least) url",,"open","Element.extension",0,*,"","ele-1:All FHIR elements must have a @value or children {hasValue() or (children().count() > id.count())}
ext-1:Must have either extensions or value[x], not both {extension.exists() != value.exists()}","n/a"
"Extension.extension:category.url","Extension.extension.url","","","",1,1,"","","","uri {[]} {[]}
","identifies the meaning of the extension","Source of the definition for the extension code - a logical name or a URL.","The definition may point directly to a computable or human-readable definition of the extensibility codes, or it may be a logical URI as declared in some other specification. The definition SHALL be a URI for the Structure Definition defining the extension.","","","","<valueUri xmlns=""http://hl7.org/fhir"" value=""category""/>","","","","",,,,,"",,,,"Extension.url",1,1,"","","N/A"
"Extension.extension:category.value[x]","Extension.extension.value[x]","","","",0,1,"","","","CodeableConcept {[]} {[]}
","Associated category for categorical variable","When the measured variable is handled categorically, the category element is used to define which category the statistic is reporting.","Simple strings can be used for descriptive purposes. Exact matching to EvidenceVariable.category.name for the Evidence.variableDefinition[variableRole=measuredVariable].observed=Reference(EvidenceVariable) could facilitate validation within datasets.","","","","","","","","",,,,,"",,,,"Extension.value[x]",0,1,"","ele-1:All FHIR elements must have a @value or children {hasValue() or (children().count() > id.count())}
","N/A"
"Extension.extension:quantity","Extension.extension","quantity","","",0,1,"","","","Extension {[]} {[]}
","R5: Statistic value (new)","R5: `Evidence.statistic.quantity` (new:Quantity)","Element `Evidence.statistic.quantity` is part of an existing definition because parent element `Evidence.statistic` requires a cross-version extension.
Element `Evidence.statistic.quantity` has a context of Evidence based on following the parent source element upwards and mapping to `Evidence`.
Element `Evidence.statistic.quantity` has no mapping targets in FHIR R4. Typically, this is because the element has been added (is a new element).","Element `Evidence.statistic.quantity` is part of an existing definition because parent element `Evidence.statistic` requires a cross-version extension.
Element `Evidence.statistic.quantity` has a context of Evidence based on following the parent source element upwards and mapping to `Evidence`.
Element `Evidence.statistic.quantity` has no mapping targets in FHIR R4. Typically, this is because the element has been added (is a new element).","","","","","","","",,,,,"",,,,"Element.extension",0,*,"","ele-1:All FHIR elements must have a @value or children {hasValue() or (children().count() > id.count())}
ext-1:Must have either extensions or value[x], not both {extension.exists() != value.exists()}"
"Extension.extension:quantity.id","Extension.extension.id","","","",0,1,"","","","string {[]} {[]}
","Unique id for inter-element referencing","Unique id for the element within a resource (for internal references). This may be any string value that does not contain spaces.","","","","","","","","","",,,,,"",,,,"Element.id",0,1,"","","n/a"
"Extension.extension:quantity.extension","Extension.extension.extension","","extensions
user content","",0,*,"","","","Extension {[]} {[]}
","Additional content defined by implementations","May be used to represent additional information that is not part of the basic definition of the element. To make the use of extensions safe and manageable, there is a strict set of governance  applied to the definition and use of extensions. Though any implementer can define an extension, there is a set of requirements that SHALL be met as part of the definition of the extension.","There can be no stigma associated with the use of extensions by any application, project, or standard - regardless of the institution or jurisdiction that uses or defines the extensions.  The use of extensions is what allows the FHIR specification to retain a core level of simplicity for everyone.","","","","","","","","",,,,,"","value:url}
","Extensions are always sliced by (at least) url",,"open","Element.extension",0,*,"","ele-1:All FHIR elements must have a @value or children {hasValue() or (children().count() > id.count())}
ext-1:Must have either extensions or value[x], not both {extension.exists() != value.exists()}","n/a"
"Extension.extension:quantity.url","Extension.extension.url","","","",1,1,"","","","uri {[]} {[]}
","identifies the meaning of the extension","Source of the definition for the extension code - a logical name or a URL.","The definition may point directly to a computable or human-readable definition of the extensibility codes, or it may be a logical URI as declared in some other specification. The definition SHALL be a URI for the Structure Definition defining the extension.","","","","<valueUri xmlns=""http://hl7.org/fhir"" value=""quantity""/>","","","","",,,,,"",,,,"Extension.url",1,1,"","","N/A"
"Extension.extension:quantity.value[x]","Extension.extension.value[x]","","","",0,1,"","","","Quantity {[]} {[]}
","Statistic value","Statistic value.","","","","","","","","","",,,,,"",,,,"Extension.value[x]",0,1,"","ele-1:All FHIR elements must have a @value or children {hasValue() or (children().count() > id.count())}
","N/A"
"Extension.extension:numberOfEvents","Extension.extension","numberOfEvents","","",0,1,"","","","Extension {[]} {[]}
","R5: The number of events associated with the statistic (new)","R5: `Evidence.statistic.numberOfEvents` (new:unsignedInt)","Element `Evidence.statistic.numberOfEvents` is part of an existing definition because parent element `Evidence.statistic` requires a cross-version extension.
Element `Evidence.statistic.numberOfEvents` has a context of Evidence based on following the parent source element upwards and mapping to `Evidence`.
Element `Evidence.statistic.numberOfEvents` has no mapping targets in FHIR R4. Typically, this is because the element has been added (is a new element).
When the number of events is the statistic, use Evidence.statistic.quantity and set Evidence.statistic.type.coding.code=C25463 and Evidence.statistic.type.coding.display=Count. When the statistic is an Event Rate (where individual participants may have 2 or more events), use Evidence.statistic.numberOfEvents to record the total number of events rather than the number of participants with events.","Element `Evidence.statistic.numberOfEvents` is part of an existing definition because parent element `Evidence.statistic` requires a cross-version extension.
Element `Evidence.statistic.numberOfEvents` has a context of Evidence based on following the parent source element upwards and mapping to `Evidence`.
Element `Evidence.statistic.numberOfEvents` has no mapping targets in FHIR R4. Typically, this is because the element has been added (is a new element).","","","","","","","",,,,,"",,,,"Element.extension",0,*,"","ele-1:All FHIR elements must have a @value or children {hasValue() or (children().count() > id.count())}
ext-1:Must have either extensions or value[x], not both {extension.exists() != value.exists()}"
"Extension.extension:numberOfEvents.id","Extension.extension.id","","","",0,1,"","","","string {[]} {[]}
","Unique id for inter-element referencing","Unique id for the element within a resource (for internal references). This may be any string value that does not contain spaces.","","","","","","","","","",,,,,"",,,,"Element.id",0,1,"","","n/a"
"Extension.extension:numberOfEvents.extension","Extension.extension.extension","","extensions
user content","",0,*,"","","","Extension {[]} {[]}
","Additional content defined by implementations","May be used to represent additional information that is not part of the basic definition of the element. To make the use of extensions safe and manageable, there is a strict set of governance  applied to the definition and use of extensions. Though any implementer can define an extension, there is a set of requirements that SHALL be met as part of the definition of the extension.","There can be no stigma associated with the use of extensions by any application, project, or standard - regardless of the institution or jurisdiction that uses or defines the extensions.  The use of extensions is what allows the FHIR specification to retain a core level of simplicity for everyone.","","","","","","","","",,,,,"","value:url}
","Extensions are always sliced by (at least) url",,"open","Element.extension",0,*,"","ele-1:All FHIR elements must have a @value or children {hasValue() or (children().count() > id.count())}
ext-1:Must have either extensions or value[x], not both {extension.exists() != value.exists()}","n/a"
"Extension.extension:numberOfEvents.url","Extension.extension.url","","","",1,1,"","","","uri {[]} {[]}
","identifies the meaning of the extension","Source of the definition for the extension code - a logical name or a URL.","The definition may point directly to a computable or human-readable definition of the extensibility codes, or it may be a logical URI as declared in some other specification. The definition SHALL be a URI for the Structure Definition defining the extension.","","","","<valueUri xmlns=""http://hl7.org/fhir"" value=""numberOfEvents""/>","","","","",,,,,"",,,,"Extension.url",1,1,"","","N/A"
"Extension.extension:numberOfEvents.value[x]","Extension.extension.value[x]","","","",0,1,"","","","unsignedInt {[]} {[]}
","The number of events associated with the statistic","The number of events associated with the statistic, where the unit of analysis is different from numberAffected, sampleSize.knownDataCount and sampleSize.numberOfParticipants.","When the number of events is the statistic, use Evidence.statistic.quantity and set Evidence.statistic.type.coding.code=C25463 and Evidence.statistic.type.coding.display=Count. When the statistic is an Event Rate (where individual participants may have 2 or more events), use Evidence.statistic.numberOfEvents to record the total number of events rather than the number of participants with events.","","","","","","","","",,,,,"",,,,"Extension.value[x]",0,1,"","ele-1:All FHIR elements must have a @value or children {hasValue() or (children().count() > id.count())}
","N/A"
"Extension.extension:numberAffected","Extension.extension","numberAffected","","",0,1,"","","","Extension {[]} {[]}
","R5: The number of participants affected (new)","R5: `Evidence.statistic.numberAffected` (new:unsignedInt)","Element `Evidence.statistic.numberAffected` is part of an existing definition because parent element `Evidence.statistic` requires a cross-version extension.
Element `Evidence.statistic.numberAffected` has a context of Evidence based on following the parent source element upwards and mapping to `Evidence`.
Element `Evidence.statistic.numberAffected` has no mapping targets in FHIR R4. Typically, this is because the element has been added (is a new element).
When the number affected is the statistic, use Evidence.statistic.quantity and set Evidence.statistic.type.coding.code=C25463 and Evidence.statistic.type.coding.display=Count. When the statistic is a Proportion, use Evidence.statistic.numberAffected and enter an integer as the value. When the statistic is an Event Rate (where individual participants may have 2 or more events), use Evidence.statistic.numberAffected to record the number of participants with events rather than the total number of events.","Element `Evidence.statistic.numberAffected` is part of an existing definition because parent element `Evidence.statistic` requires a cross-version extension.
Element `Evidence.statistic.numberAffected` has a context of Evidence based on following the parent source element upwards and mapping to `Evidence`.
Element `Evidence.statistic.numberAffected` has no mapping targets in FHIR R4. Typically, this is because the element has been added (is a new element).","","","","","","","",,,,,"",,,,"Element.extension",0,*,"","ele-1:All FHIR elements must have a @value or children {hasValue() or (children().count() > id.count())}
ext-1:Must have either extensions or value[x], not both {extension.exists() != value.exists()}"
"Extension.extension:numberAffected.id","Extension.extension.id","","","",0,1,"","","","string {[]} {[]}
","Unique id for inter-element referencing","Unique id for the element within a resource (for internal references). This may be any string value that does not contain spaces.","","","","","","","","","",,,,,"",,,,"Element.id",0,1,"","","n/a"
"Extension.extension:numberAffected.extension","Extension.extension.extension","","extensions
user content","",0,*,"","","","Extension {[]} {[]}
","Additional content defined by implementations","May be used to represent additional information that is not part of the basic definition of the element. To make the use of extensions safe and manageable, there is a strict set of governance  applied to the definition and use of extensions. Though any implementer can define an extension, there is a set of requirements that SHALL be met as part of the definition of the extension.","There can be no stigma associated with the use of extensions by any application, project, or standard - regardless of the institution or jurisdiction that uses or defines the extensions.  The use of extensions is what allows the FHIR specification to retain a core level of simplicity for everyone.","","","","","","","","",,,,,"","value:url}
","Extensions are always sliced by (at least) url",,"open","Element.extension",0,*,"","ele-1:All FHIR elements must have a @value or children {hasValue() or (children().count() > id.count())}
ext-1:Must have either extensions or value[x], not both {extension.exists() != value.exists()}","n/a"
"Extension.extension:numberAffected.url","Extension.extension.url","","","",1,1,"","","","uri {[]} {[]}
","identifies the meaning of the extension","Source of the definition for the extension code - a logical name or a URL.","The definition may point directly to a computable or human-readable definition of the extensibility codes, or it may be a logical URI as declared in some other specification. The definition SHALL be a URI for the Structure Definition defining the extension.","","","","<valueUri xmlns=""http://hl7.org/fhir"" value=""numberAffected""/>","","","","",,,,,"",,,,"Extension.url",1,1,"","","N/A"
"Extension.extension:numberAffected.value[x]","Extension.extension.value[x]","","","",0,1,"","","","unsignedInt {[]} {[]}
","The number of participants affected","The number of participants affected where the unit of analysis is the same as sampleSize.knownDataCount and sampleSize.numberOfParticipants.","When the number affected is the statistic, use Evidence.statistic.quantity and set Evidence.statistic.type.coding.code=C25463 and Evidence.statistic.type.coding.display=Count. When the statistic is a Proportion, use Evidence.statistic.numberAffected and enter an integer as the value. When the statistic is an Event Rate (where individual participants may have 2 or more events), use Evidence.statistic.numberAffected to record the number of participants with events rather than the total number of events.","","","","","","","","",,,,,"",,,,"Extension.value[x]",0,1,"","ele-1:All FHIR elements must have a @value or children {hasValue() or (children().count() > id.count())}
","N/A"
"Extension.extension:sampleSize","Extension.extension","sampleSize","","",0,1,"","","","Extension {[]} {[]}
","R5: Number of samples in the statistic (new)","R5: `Evidence.statistic.sampleSize` (new:BackboneElement)","Element `Evidence.statistic.sampleSize` is part of an existing definition because parent element `Evidence.statistic` requires a cross-version extension.
Element `Evidence.statistic.sampleSize` has a context of Evidence based on following the parent source element upwards and mapping to `Evidence`.
Element `Evidence.statistic.sampleSize` has no mapping targets in FHIR R4. Typically, this is because the element has been added (is a new element).","Element `Evidence.statistic.sampleSize` is part of an existing definition because parent element `Evidence.statistic` requires a cross-version extension.
Element `Evidence.statistic.sampleSize` has a context of Evidence based on following the parent source element upwards and mapping to `Evidence`.
Element `Evidence.statistic.sampleSize` has no mapping targets in FHIR R4. Typically, this is because the element has been added (is a new element).","","","","","","","",,,,,"",,,,"Element.extension",0,*,"","ele-1:All FHIR elements must have a @value or children {hasValue() or (children().count() > id.count())}
ext-1:Must have either extensions or value[x], not both {extension.exists() != value.exists()}"
"Extension.extension:sampleSize.id","Extension.extension.id","","","",0,1,"","","","string {[]} {[]}
","Unique id for inter-element referencing","Unique id for the element within a resource (for internal references). This may be any string value that does not contain spaces.","","","","","","","","","",,,,,"",,,,"Element.id",0,1,"","","n/a"
"Extension.extension:sampleSize.extension","Extension.extension.extension","","","",0,*,"","","","Extension {[]} {[]}
","Extension","An Extension","","","","","","","","","",,,,,"","value:url}
","Extensions are always sliced by (at least) url",,"open","Element.extension",0,*,"","ele-1:All FHIR elements must have a @value or children {hasValue() or (children().count() > id.count())}
ext-1:Must have either extensions or value[x], not both {extension.exists() != value.exists()}"
"Extension.extension:sampleSize.extension:description","Extension.extension.extension","description","","",0,1,"","","","Extension {[]} {[]}
","R5: Textual description of sample size for statistic (new)","R5: `Evidence.statistic.sampleSize.description` (new:markdown)","Element `Evidence.statistic.sampleSize.description` is part of an existing definition because parent element `Evidence.statistic.sampleSize` requires a cross-version extension.
Element `Evidence.statistic.sampleSize.description` has a context of Evidence based on following the parent source element upwards and mapping to `Evidence`.
Element `Evidence.statistic.sampleSize.description` has no mapping targets in FHIR R4. Typically, this is because the element has been added (is a new element).","Element `Evidence.statistic.sampleSize.description` is part of an existing definition because parent element `Evidence.statistic.sampleSize` requires a cross-version extension.
Element `Evidence.statistic.sampleSize.description` has a context of Evidence based on following the parent source element upwards and mapping to `Evidence`.
Element `Evidence.statistic.sampleSize.description` has no mapping targets in FHIR R4. Typically, this is because the element has been added (is a new element).","","","","","","","",,,,,"",,,,"Element.extension",0,*,"","ele-1:All FHIR elements must have a @value or children {hasValue() or (children().count() > id.count())}
ext-1:Must have either extensions or value[x], not both {extension.exists() != value.exists()}"
"Extension.extension:sampleSize.extension:description.id","Extension.extension.extension.id","","","",0,1,"","","","string {[]} {[]}
","Unique id for inter-element referencing","Unique id for the element within a resource (for internal references). This may be any string value that does not contain spaces.","","","","","","","","","",,,,,"",,,,"Element.id",0,1,"","","n/a"
"Extension.extension:sampleSize.extension:description.extension","Extension.extension.extension.extension","","extensions
user content","",0,*,"","","","Extension {[]} {[]}
","Additional content defined by implementations","May be used to represent additional information that is not part of the basic definition of the element. To make the use of extensions safe and manageable, there is a strict set of governance  applied to the definition and use of extensions. Though any implementer can define an extension, there is a set of requirements that SHALL be met as part of the definition of the extension.","There can be no stigma associated with the use of extensions by any application, project, or standard - regardless of the institution or jurisdiction that uses or defines the extensions.  The use of extensions is what allows the FHIR specification to retain a core level of simplicity for everyone.","","","","","","","","",,,,,"","value:url}
","Extensions are always sliced by (at least) url",,"open","Element.extension",0,*,"","ele-1:All FHIR elements must have a @value or children {hasValue() or (children().count() > id.count())}
ext-1:Must have either extensions or value[x], not both {extension.exists() != value.exists()}","n/a"
"Extension.extension:sampleSize.extension:description.url","Extension.extension.extension.url","","","",1,1,"","","","uri {[]} {[]}
","identifies the meaning of the extension","Source of the definition for the extension code - a logical name or a URL.","The definition may point directly to a computable or human-readable definition of the extensibility codes, or it may be a logical URI as declared in some other specification. The definition SHALL be a URI for the Structure Definition defining the extension.","","","","<valueUri xmlns=""http://hl7.org/fhir"" value=""description""/>","","","","",,,,,"",,,,"Extension.url",1,1,"","","N/A"
"Extension.extension:sampleSize.extension:description.value[x]","Extension.extension.extension.value[x]","","","",0,1,"","","","markdown {[]} {[]}
","Textual description of sample size for statistic","Human-readable summary of population sample size.","","","","","","","","","",,,,,"",,,,"Extension.value[x]",0,1,"","ele-1:All FHIR elements must have a @value or children {hasValue() or (children().count() > id.count())}
","N/A"
"Extension.extension:sampleSize.extension:note","Extension.extension.extension","note","","",0,*,"","","","Extension {[]} {[]}
","R5: Footnote or explanatory note about the sample size (new)","R5: `Evidence.statistic.sampleSize.note` (new:Annotation)","Element `Evidence.statistic.sampleSize.note` is part of an existing definition because parent element `Evidence.statistic.sampleSize` requires a cross-version extension.
Element `Evidence.statistic.sampleSize.note` has a context of Evidence based on following the parent source element upwards and mapping to `Evidence`.
Element `Evidence.statistic.sampleSize.note` has no mapping targets in FHIR R4. Typically, this is because the element has been added (is a new element).","Element `Evidence.statistic.sampleSize.note` is part of an existing definition because parent element `Evidence.statistic.sampleSize` requires a cross-version extension.
Element `Evidence.statistic.sampleSize.note` has a context of Evidence based on following the parent source element upwards and mapping to `Evidence`.
Element `Evidence.statistic.sampleSize.note` has no mapping targets in FHIR R4. Typically, this is because the element has been added (is a new element).","","","","","","","",,,,,"",,,,"Element.extension",0,*,"","ele-1:All FHIR elements must have a @value or children {hasValue() or (children().count() > id.count())}
ext-1:Must have either extensions or value[x], not both {extension.exists() != value.exists()}"
"Extension.extension:sampleSize.extension:note.id","Extension.extension.extension.id","","","",0,1,"","","","string {[]} {[]}
","Unique id for inter-element referencing","Unique id for the element within a resource (for internal references). This may be any string value that does not contain spaces.","","","","","","","","","",,,,,"",,,,"Element.id",0,1,"","","n/a"
"Extension.extension:sampleSize.extension:note.extension","Extension.extension.extension.extension","","extensions
user content","",0,*,"","","","Extension {[]} {[]}
","Additional content defined by implementations","May be used to represent additional information that is not part of the basic definition of the element. To make the use of extensions safe and manageable, there is a strict set of governance  applied to the definition and use of extensions. Though any implementer can define an extension, there is a set of requirements that SHALL be met as part of the definition of the extension.","There can be no stigma associated with the use of extensions by any application, project, or standard - regardless of the institution or jurisdiction that uses or defines the extensions.  The use of extensions is what allows the FHIR specification to retain a core level of simplicity for everyone.","","","","","","","","",,,,,"","value:url}
","Extensions are always sliced by (at least) url",,"open","Element.extension",0,*,"","ele-1:All FHIR elements must have a @value or children {hasValue() or (children().count() > id.count())}
ext-1:Must have either extensions or value[x], not both {extension.exists() != value.exists()}","n/a"
"Extension.extension:sampleSize.extension:note.url","Extension.extension.extension.url","","","",1,1,"","","","uri {[]} {[]}
","identifies the meaning of the extension","Source of the definition for the extension code - a logical name or a URL.","The definition may point directly to a computable or human-readable definition of the extensibility codes, or it may be a logical URI as declared in some other specification. The definition SHALL be a URI for the Structure Definition defining the extension.","","","","<valueUri xmlns=""http://hl7.org/fhir"" value=""note""/>","","","","",,,,,"",,,,"Extension.url",1,1,"","","N/A"
"Extension.extension:sampleSize.extension:note.value[x]","Extension.extension.extension.value[x]","","","",0,1,"","","","Annotation {[]} {[]}
","Footnote or explanatory note about the sample size","Footnote or explanatory note about the sample size.","","","","","","","","","",,,,,"",,,,"Extension.value[x]",0,1,"","ele-1:All FHIR elements must have a @value or children {hasValue() or (children().count() > id.count())}
","N/A"
"Extension.extension:sampleSize.extension:numberOfStudies","Extension.extension.extension","numberOfStudies","","",0,1,"","","","Extension {[]} {[]}
","R5: Number of contributing studies (new)","R5: `Evidence.statistic.sampleSize.numberOfStudies` (new:unsignedInt)","Element `Evidence.statistic.sampleSize.numberOfStudies` is part of an existing definition because parent element `Evidence.statistic.sampleSize` requires a cross-version extension.
Element `Evidence.statistic.sampleSize.numberOfStudies` has a context of Evidence based on following the parent source element upwards and mapping to `Evidence`.
Element `Evidence.statistic.sampleSize.numberOfStudies` has no mapping targets in FHIR R4. Typically, this is because the element has been added (is a new element).","Element `Evidence.statistic.sampleSize.numberOfStudies` is part of an existing definition because parent element `Evidence.statistic.sampleSize` requires a cross-version extension.
Element `Evidence.statistic.sampleSize.numberOfStudies` has a context of Evidence based on following the parent source element upwards and mapping to `Evidence`.
Element `Evidence.statistic.sampleSize.numberOfStudies` has no mapping targets in FHIR R4. Typically, this is because the element has been added (is a new element).","","","","","","","",,,,,"",,,,"Element.extension",0,*,"","ele-1:All FHIR elements must have a @value or children {hasValue() or (children().count() > id.count())}
ext-1:Must have either extensions or value[x], not both {extension.exists() != value.exists()}"
"Extension.extension:sampleSize.extension:numberOfStudies.id","Extension.extension.extension.id","","","",0,1,"","","","string {[]} {[]}
","Unique id for inter-element referencing","Unique id for the element within a resource (for internal references). This may be any string value that does not contain spaces.","","","","","","","","","",,,,,"",,,,"Element.id",0,1,"","","n/a"
"Extension.extension:sampleSize.extension:numberOfStudies.extension","Extension.extension.extension.extension","","extensions
user content","",0,*,"","","","Extension {[]} {[]}
","Additional content defined by implementations","May be used to represent additional information that is not part of the basic definition of the element. To make the use of extensions safe and manageable, there is a strict set of governance  applied to the definition and use of extensions. Though any implementer can define an extension, there is a set of requirements that SHALL be met as part of the definition of the extension.","There can be no stigma associated with the use of extensions by any application, project, or standard - regardless of the institution or jurisdiction that uses or defines the extensions.  The use of extensions is what allows the FHIR specification to retain a core level of simplicity for everyone.","","","","","","","","",,,,,"","value:url}
","Extensions are always sliced by (at least) url",,"open","Element.extension",0,*,"","ele-1:All FHIR elements must have a @value or children {hasValue() or (children().count() > id.count())}
ext-1:Must have either extensions or value[x], not both {extension.exists() != value.exists()}","n/a"
"Extension.extension:sampleSize.extension:numberOfStudies.url","Extension.extension.extension.url","","","",1,1,"","","","uri {[]} {[]}
","identifies the meaning of the extension","Source of the definition for the extension code - a logical name or a URL.","The definition may point directly to a computable or human-readable definition of the extensibility codes, or it may be a logical URI as declared in some other specification. The definition SHALL be a URI for the Structure Definition defining the extension.","","","","<valueUri xmlns=""http://hl7.org/fhir"" value=""numberOfStudies""/>","","","","",,,,,"",,,,"Extension.url",1,1,"","","N/A"
"Extension.extension:sampleSize.extension:numberOfStudies.value[x]","Extension.extension.extension.value[x]","","","",0,1,"","","","unsignedInt {[]} {[]}
","Number of contributing studies","Number of participants in the population.","","","","","","","","","",,,,,"",,,,"Extension.value[x]",0,1,"","ele-1:All FHIR elements must have a @value or children {hasValue() or (children().count() > id.count())}
","N/A"
"Extension.extension:sampleSize.extension:numberOfParticipants","Extension.extension.extension","numberOfParticipants","","",0,1,"","","","Extension {[]} {[]}
","R5: Cumulative number of participants (new)","R5: `Evidence.statistic.sampleSize.numberOfParticipants` (new:unsignedInt)","Element `Evidence.statistic.sampleSize.numberOfParticipants` is part of an existing definition because parent element `Evidence.statistic.sampleSize` requires a cross-version extension.
Element `Evidence.statistic.sampleSize.numberOfParticipants` has a context of Evidence based on following the parent source element upwards and mapping to `Evidence`.
Element `Evidence.statistic.sampleSize.numberOfParticipants` has no mapping targets in FHIR R4. Typically, this is because the element has been added (is a new element).","Element `Evidence.statistic.sampleSize.numberOfParticipants` is part of an existing definition because parent element `Evidence.statistic.sampleSize` requires a cross-version extension.
Element `Evidence.statistic.sampleSize.numberOfParticipants` has a context of Evidence based on following the parent source element upwards and mapping to `Evidence`.
Element `Evidence.statistic.sampleSize.numberOfParticipants` has no mapping targets in FHIR R4. Typically, this is because the element has been added (is a new element).","","","","","","","",,,,,"",,,,"Element.extension",0,*,"","ele-1:All FHIR elements must have a @value or children {hasValue() or (children().count() > id.count())}
ext-1:Must have either extensions or value[x], not both {extension.exists() != value.exists()}"
"Extension.extension:sampleSize.extension:numberOfParticipants.id","Extension.extension.extension.id","","","",0,1,"","","","string {[]} {[]}
","Unique id for inter-element referencing","Unique id for the element within a resource (for internal references). This may be any string value that does not contain spaces.","","","","","","","","","",,,,,"",,,,"Element.id",0,1,"","","n/a"
"Extension.extension:sampleSize.extension:numberOfParticipants.extension","Extension.extension.extension.extension","","extensions
user content","",0,*,"","","","Extension {[]} {[]}
","Additional content defined by implementations","May be used to represent additional information that is not part of the basic definition of the element. To make the use of extensions safe and manageable, there is a strict set of governance  applied to the definition and use of extensions. Though any implementer can define an extension, there is a set of requirements that SHALL be met as part of the definition of the extension.","There can be no stigma associated with the use of extensions by any application, project, or standard - regardless of the institution or jurisdiction that uses or defines the extensions.  The use of extensions is what allows the FHIR specification to retain a core level of simplicity for everyone.","","","","","","","","",,,,,"","value:url}
","Extensions are always sliced by (at least) url",,"open","Element.extension",0,*,"","ele-1:All FHIR elements must have a @value or children {hasValue() or (children().count() > id.count())}
ext-1:Must have either extensions or value[x], not both {extension.exists() != value.exists()}","n/a"
"Extension.extension:sampleSize.extension:numberOfParticipants.url","Extension.extension.extension.url","","","",1,1,"","","","uri {[]} {[]}
","identifies the meaning of the extension","Source of the definition for the extension code - a logical name or a URL.","The definition may point directly to a computable or human-readable definition of the extensibility codes, or it may be a logical URI as declared in some other specification. The definition SHALL be a URI for the Structure Definition defining the extension.","","","","<valueUri xmlns=""http://hl7.org/fhir"" value=""numberOfParticipants""/>","","","","",,,,,"",,,,"Extension.url",1,1,"","","N/A"
"Extension.extension:sampleSize.extension:numberOfParticipants.value[x]","Extension.extension.extension.value[x]","","","",0,1,"","","","unsignedInt {[]} {[]}
","Cumulative number of participants","A human-readable string to clarify or explain concepts about the sample size.","","","","","","","","","",,,,,"",,,,"Extension.value[x]",0,1,"","ele-1:All FHIR elements must have a @value or children {hasValue() or (children().count() > id.count())}
","N/A"
"Extension.extension:sampleSize.extension:knownDataCount","Extension.extension.extension","knownDataCount","","",0,1,"","","","Extension {[]} {[]}
","R5: Number of participants with known results for measured variables (new)","R5: `Evidence.statistic.sampleSize.knownDataCount` (new:unsignedInt)","Element `Evidence.statistic.sampleSize.knownDataCount` is part of an existing definition because parent element `Evidence.statistic.sampleSize` requires a cross-version extension.
Element `Evidence.statistic.sampleSize.knownDataCount` has a context of Evidence based on following the parent source element upwards and mapping to `Evidence`.
Element `Evidence.statistic.sampleSize.knownDataCount` has no mapping targets in FHIR R4. Typically, this is because the element has been added (is a new element).","Element `Evidence.statistic.sampleSize.knownDataCount` is part of an existing definition because parent element `Evidence.statistic.sampleSize` requires a cross-version extension.
Element `Evidence.statistic.sampleSize.knownDataCount` has a context of Evidence based on following the parent source element upwards and mapping to `Evidence`.
Element `Evidence.statistic.sampleSize.knownDataCount` has no mapping targets in FHIR R4. Typically, this is because the element has been added (is a new element).","","","","","","","",,,,,"",,,,"Element.extension",0,*,"","ele-1:All FHIR elements must have a @value or children {hasValue() or (children().count() > id.count())}
ext-1:Must have either extensions or value[x], not both {extension.exists() != value.exists()}"
"Extension.extension:sampleSize.extension:knownDataCount.id","Extension.extension.extension.id","","","",0,1,"","","","string {[]} {[]}
","Unique id for inter-element referencing","Unique id for the element within a resource (for internal references). This may be any string value that does not contain spaces.","","","","","","","","","",,,,,"",,,,"Element.id",0,1,"","","n/a"
"Extension.extension:sampleSize.extension:knownDataCount.extension","Extension.extension.extension.extension","","extensions
user content","",0,*,"","","","Extension {[]} {[]}
","Additional content defined by implementations","May be used to represent additional information that is not part of the basic definition of the element. To make the use of extensions safe and manageable, there is a strict set of governance  applied to the definition and use of extensions. Though any implementer can define an extension, there is a set of requirements that SHALL be met as part of the definition of the extension.","There can be no stigma associated with the use of extensions by any application, project, or standard - regardless of the institution or jurisdiction that uses or defines the extensions.  The use of extensions is what allows the FHIR specification to retain a core level of simplicity for everyone.","","","","","","","","",,,,,"","value:url}
","Extensions are always sliced by (at least) url",,"open","Element.extension",0,*,"","ele-1:All FHIR elements must have a @value or children {hasValue() or (children().count() > id.count())}
ext-1:Must have either extensions or value[x], not both {extension.exists() != value.exists()}","n/a"
"Extension.extension:sampleSize.extension:knownDataCount.url","Extension.extension.extension.url","","","",1,1,"","","","uri {[]} {[]}
","identifies the meaning of the extension","Source of the definition for the extension code - a logical name or a URL.","The definition may point directly to a computable or human-readable definition of the extensibility codes, or it may be a logical URI as declared in some other specification. The definition SHALL be a URI for the Structure Definition defining the extension.","","","","<valueUri xmlns=""http://hl7.org/fhir"" value=""knownDataCount""/>","","","","",,,,,"",,,,"Extension.url",1,1,"","","N/A"
"Extension.extension:sampleSize.extension:knownDataCount.value[x]","Extension.extension.extension.value[x]","","","",0,1,"","","","unsignedInt {[]} {[]}
","Number of participants with known results for measured variables","Number of participants with known results for measured variables.","","","","","","","","","",,,,,"",,,,"Extension.value[x]",0,1,"","ele-1:All FHIR elements must have a @value or children {hasValue() or (children().count() > id.count())}
","N/A"
"Extension.extension:sampleSize.url","Extension.extension.url","","","",1,1,"","","","uri {[]} {[]}
","identifies the meaning of the extension","Source of the definition for the extension code - a logical name or a URL.","The definition may point directly to a computable or human-readable definition of the extensibility codes, or it may be a logical URI as declared in some other specification. The definition SHALL be a URI for the Structure Definition defining the extension.","","","","<valueUri xmlns=""http://hl7.org/fhir"" value=""sampleSize""/>","","","","",,,,,"",,,,"Extension.url",1,1,"","","N/A"
"Extension.extension:sampleSize.value[x]","Extension.extension.value[x]","","","",0,0,"","","","base64Binary {[]} {[]}
boolean {[]} {[]}canonical {[]} {[]}code {[]} {[]}date {[]} {[]}dateTime {[]} {[]}decimal {[]} {[]}id {[]} {[]}instant {[]} {[]}integer {[]} {[]}markdown {[]} {[]}oid {[]} {[]}positiveInt {[]} {[]}string {[]} {[]}time {[]} {[]}unsignedInt {[]} {[]}uri {[]} {[]}url {[]} {[]}uuid {[]} {[]}Address {[]} {[]}Age {[]} {[]}Annotation {[]} {[]}Attachment {[]} {[]}CodeableConcept {[]} {[]}Coding {[]} {[]}ContactPoint {[]} {[]}Count {[]} {[]}Distance {[]} {[]}Duration {[]} {[]}HumanName {[]} {[]}Identifier {[]} {[]}Money {[]} {[]}Period {[]} {[]}Quantity {[]} {[]}Range {[]} {[]}Ratio {[]} {[]}Reference {[]} {[]}SampledData {[]} {[]}Signature {[]} {[]}Timing {[]} {[]}ContactDetail {[]} {[]}Contributor {[]} {[]}DataRequirement {[]} {[]}Expression {[]} {[]}ParameterDefinition {[]} {[]}RelatedArtifact {[]} {[]}TriggerDefinition {[]} {[]}UsageContext {[]} {[]}Dosage {[]} {[]}Meta {[]} {[]}","Value of extension","Value of extension - must be one of a constrained set of the data types (see [Extensibility](http://hl7.org/fhir/R4/extensibility.html) for a list).","","","","","","","","","",,,,,"",,,,"Extension.value[x]",0,1,"","ele-1:All FHIR elements must have a @value or children {hasValue() or (children().count() > id.count())}
","N/A"
"Extension.extension:attributeEstimate","Extension.extension","attributeEstimate","","",0,*,"","","","Extension {[]} {[]}
","R5: An attribute of the Statistic (new)","R5: `Evidence.statistic.attributeEstimate` (new:BackboneElement)","Element `Evidence.statistic.attributeEstimate` is part of an existing definition because parent element `Evidence.statistic` requires a cross-version extension.
Element `Evidence.statistic.attributeEstimate` has a context of Evidence based on following the parent source element upwards and mapping to `Evidence`.
Element `Evidence.statistic.attributeEstimate` has no mapping targets in FHIR R4. Typically, this is because the element has been added (is a new element).","Element `Evidence.statistic.attributeEstimate` is part of an existing definition because parent element `Evidence.statistic` requires a cross-version extension.
Element `Evidence.statistic.attributeEstimate` has a context of Evidence based on following the parent source element upwards and mapping to `Evidence`.
Element `Evidence.statistic.attributeEstimate` has no mapping targets in FHIR R4. Typically, this is because the element has been added (is a new element).
Creating extension because element `Evidence.statistic.attributeEstimate` is a content reference and requires an extesion definition.","","","","","","","",,,,,"",,,,"Element.extension",0,*,"","ele-1:All FHIR elements must have a @value or children {hasValue() or (children().count() > id.count())}
ext-1:Must have either extensions or value[x], not both {extension.exists() != value.exists()}"
"Extension.extension:attributeEstimate.id","Extension.extension.id","","","",0,1,"","","","string {[]} {[]}
","Unique id for inter-element referencing","Unique id for the element within a resource (for internal references). This may be any string value that does not contain spaces.","","","","","","","","","",,,,,"",,,,"Element.id",0,1,"","","n/a"
"Extension.extension:attributeEstimate.extension","Extension.extension.extension","","","",0,*,"","","","Extension {[]} {[]}
","Extension","An Extension","","","","","","","","","",,,,,"","value:url}
","Extensions are always sliced by (at least) url",,"open","Element.extension",0,*,"","ele-1:All FHIR elements must have a @value or children {hasValue() or (children().count() > id.count())}
ext-1:Must have either extensions or value[x], not both {extension.exists() != value.exists()}"
"Extension.extension:attributeEstimate.extension:description","Extension.extension.extension","description","","",0,1,"","","","Extension {[]} {[]}
","R5: Textual description of the attribute estimate (new)","R5: `Evidence.statistic.attributeEstimate.description` (new:markdown)","Element `Evidence.statistic.attributeEstimate.description` is part of an existing definition because parent element `Evidence.statistic.attributeEstimate` requires a cross-version extension.
Element `Evidence.statistic.attributeEstimate.description` has a context of Evidence based on following the parent source element upwards and mapping to `Evidence`.
Element `Evidence.statistic.attributeEstimate.description` has no mapping targets in FHIR R4. Typically, this is because the element has been added (is a new element).","Element `Evidence.statistic.attributeEstimate.description` is part of an existing definition because parent element `Evidence.statistic.attributeEstimate` requires a cross-version extension.
Element `Evidence.statistic.attributeEstimate.description` has a context of Evidence based on following the parent source element upwards and mapping to `Evidence`.
Element `Evidence.statistic.attributeEstimate.description` has no mapping targets in FHIR R4. Typically, this is because the element has been added (is a new element).","","","","","","","",,,,,"",,,,"Element.extension",0,*,"","ele-1:All FHIR elements must have a @value or children {hasValue() or (children().count() > id.count())}
ext-1:Must have either extensions or value[x], not both {extension.exists() != value.exists()}"
"Extension.extension:attributeEstimate.extension:description.id","Extension.extension.extension.id","","","",0,1,"","","","string {[]} {[]}
","Unique id for inter-element referencing","Unique id for the element within a resource (for internal references). This may be any string value that does not contain spaces.","","","","","","","","","",,,,,"",,,,"Element.id",0,1,"","","n/a"
"Extension.extension:attributeEstimate.extension:description.extension","Extension.extension.extension.extension","","extensions
user content","",0,*,"","","","Extension {[]} {[]}
","Additional content defined by implementations","May be used to represent additional information that is not part of the basic definition of the element. To make the use of extensions safe and manageable, there is a strict set of governance  applied to the definition and use of extensions. Though any implementer can define an extension, there is a set of requirements that SHALL be met as part of the definition of the extension.","There can be no stigma associated with the use of extensions by any application, project, or standard - regardless of the institution or jurisdiction that uses or defines the extensions.  The use of extensions is what allows the FHIR specification to retain a core level of simplicity for everyone.","","","","","","","","",,,,,"","value:url}
","Extensions are always sliced by (at least) url",,"open","Element.extension",0,*,"","ele-1:All FHIR elements must have a @value or children {hasValue() or (children().count() > id.count())}
ext-1:Must have either extensions or value[x], not both {extension.exists() != value.exists()}","n/a"
"Extension.extension:attributeEstimate.extension:description.url","Extension.extension.extension.url","","","",1,1,"","","","uri {[]} {[]}
","identifies the meaning of the extension","Source of the definition for the extension code - a logical name or a URL.","The definition may point directly to a computable or human-readable definition of the extensibility codes, or it may be a logical URI as declared in some other specification. The definition SHALL be a URI for the Structure Definition defining the extension.","","","","<valueUri xmlns=""http://hl7.org/fhir"" value=""description""/>","","","","",,,,,"",,,,"Extension.url",1,1,"","","N/A"
"Extension.extension:attributeEstimate.extension:description.value[x]","Extension.extension.extension.value[x]","","","",0,1,"","","","markdown {[]} {[]}
","Textual description of the attribute estimate","Human-readable summary of the estimate.","","","","","","","","","",,,,,"",,,,"Extension.value[x]",0,1,"","ele-1:All FHIR elements must have a @value or children {hasValue() or (children().count() > id.count())}
","N/A"
"Extension.extension:attributeEstimate.extension:note","Extension.extension.extension","note","","",0,*,"","","","Extension {[]} {[]}
","R5: Footnote or explanatory note about the estimate (new)","R5: `Evidence.statistic.attributeEstimate.note` (new:Annotation)","Element `Evidence.statistic.attributeEstimate.note` is part of an existing definition because parent element `Evidence.statistic.attributeEstimate` requires a cross-version extension.
Element `Evidence.statistic.attributeEstimate.note` has a context of Evidence based on following the parent source element upwards and mapping to `Evidence`.
Element `Evidence.statistic.attributeEstimate.note` has no mapping targets in FHIR R4. Typically, this is because the element has been added (is a new element).","Element `Evidence.statistic.attributeEstimate.note` is part of an existing definition because parent element `Evidence.statistic.attributeEstimate` requires a cross-version extension.
Element `Evidence.statistic.attributeEstimate.note` has a context of Evidence based on following the parent source element upwards and mapping to `Evidence`.
Element `Evidence.statistic.attributeEstimate.note` has no mapping targets in FHIR R4. Typically, this is because the element has been added (is a new element).","","","","","","","",,,,,"",,,,"Element.extension",0,*,"","ele-1:All FHIR elements must have a @value or children {hasValue() or (children().count() > id.count())}
ext-1:Must have either extensions or value[x], not both {extension.exists() != value.exists()}"
"Extension.extension:attributeEstimate.extension:note.id","Extension.extension.extension.id","","","",0,1,"","","","string {[]} {[]}
","Unique id for inter-element referencing","Unique id for the element within a resource (for internal references). This may be any string value that does not contain spaces.","","","","","","","","","",,,,,"",,,,"Element.id",0,1,"","","n/a"
"Extension.extension:attributeEstimate.extension:note.extension","Extension.extension.extension.extension","","extensions
user content","",0,*,"","","","Extension {[]} {[]}
","Additional content defined by implementations","May be used to represent additional information that is not part of the basic definition of the element. To make the use of extensions safe and manageable, there is a strict set of governance  applied to the definition and use of extensions. Though any implementer can define an extension, there is a set of requirements that SHALL be met as part of the definition of the extension.","There can be no stigma associated with the use of extensions by any application, project, or standard - regardless of the institution or jurisdiction that uses or defines the extensions.  The use of extensions is what allows the FHIR specification to retain a core level of simplicity for everyone.","","","","","","","","",,,,,"","value:url}
","Extensions are always sliced by (at least) url",,"open","Element.extension",0,*,"","ele-1:All FHIR elements must have a @value or children {hasValue() or (children().count() > id.count())}
ext-1:Must have either extensions or value[x], not both {extension.exists() != value.exists()}","n/a"
"Extension.extension:attributeEstimate.extension:note.url","Extension.extension.extension.url","","","",1,1,"","","","uri {[]} {[]}
","identifies the meaning of the extension","Source of the definition for the extension code - a logical name or a URL.","The definition may point directly to a computable or human-readable definition of the extensibility codes, or it may be a logical URI as declared in some other specification. The definition SHALL be a URI for the Structure Definition defining the extension.","","","","<valueUri xmlns=""http://hl7.org/fhir"" value=""note""/>","","","","",,,,,"",,,,"Extension.url",1,1,"","","N/A"
"Extension.extension:attributeEstimate.extension:note.value[x]","Extension.extension.extension.value[x]","","","",0,1,"","","","Annotation {[]} {[]}
","Footnote or explanatory note about the estimate","Footnote or explanatory note about the estimate.","","","","","","","","","",,,,,"",,,,"Extension.value[x]",0,1,"","ele-1:All FHIR elements must have a @value or children {hasValue() or (children().count() > id.count())}
","N/A"
"Extension.extension:attributeEstimate.extension:type","Extension.extension.extension","type","","",0,1,"","","","Extension {[]} {[]}
","R5: The type of attribute estimate, e.g., confidence interval or p value (new)","R5: `Evidence.statistic.attributeEstimate.type` (new:CodeableConcept)","Element `Evidence.statistic.attributeEstimate.type` is part of an existing definition because parent element `Evidence.statistic.attributeEstimate` requires a cross-version extension.
Element `Evidence.statistic.attributeEstimate.type` has a context of Evidence based on following the parent source element upwards and mapping to `Evidence`.
Element `Evidence.statistic.attributeEstimate.type` has no mapping targets in FHIR R4. Typically, this is because the element has been added (is a new element).","Element `Evidence.statistic.attributeEstimate.type` is part of an existing definition because parent element `Evidence.statistic.attributeEstimate` requires a cross-version extension.
Element `Evidence.statistic.attributeEstimate.type` has a context of Evidence based on following the parent source element upwards and mapping to `Evidence`.
Element `Evidence.statistic.attributeEstimate.type` has no mapping targets in FHIR R4. Typically, this is because the element has been added (is a new element).","","","","","","","",,,,,"",,,,"Element.extension",0,*,"","ele-1:All FHIR elements must have a @value or children {hasValue() or (children().count() > id.count())}
ext-1:Must have either extensions or value[x], not both {extension.exists() != value.exists()}"
"Extension.extension:attributeEstimate.extension:type.id","Extension.extension.extension.id","","","",0,1,"","","","string {[]} {[]}
","Unique id for inter-element referencing","Unique id for the element within a resource (for internal references). This may be any string value that does not contain spaces.","","","","","","","","","",,,,,"",,,,"Element.id",0,1,"","","n/a"
"Extension.extension:attributeEstimate.extension:type.extension","Extension.extension.extension.extension","","extensions
user content","",0,*,"","","","Extension {[]} {[]}
","Additional content defined by implementations","May be used to represent additional information that is not part of the basic definition of the element. To make the use of extensions safe and manageable, there is a strict set of governance  applied to the definition and use of extensions. Though any implementer can define an extension, there is a set of requirements that SHALL be met as part of the definition of the extension.","There can be no stigma associated with the use of extensions by any application, project, or standard - regardless of the institution or jurisdiction that uses or defines the extensions.  The use of extensions is what allows the FHIR specification to retain a core level of simplicity for everyone.","","","","","","","","",,,,,"","value:url}
","Extensions are always sliced by (at least) url",,"open","Element.extension",0,*,"","ele-1:All FHIR elements must have a @value or children {hasValue() or (children().count() > id.count())}
ext-1:Must have either extensions or value[x], not both {extension.exists() != value.exists()}","n/a"
"Extension.extension:attributeEstimate.extension:type.url","Extension.extension.extension.url","","","",1,1,"","","","uri {[]} {[]}
","identifies the meaning of the extension","Source of the definition for the extension code - a logical name or a URL.","The definition may point directly to a computable or human-readable definition of the extensibility codes, or it may be a logical URI as declared in some other specification. The definition SHALL be a URI for the Structure Definition defining the extension.","","","","<valueUri xmlns=""http://hl7.org/fhir"" value=""type""/>","","","","",,,,,"",,,,"Extension.url",1,1,"","","N/A"
"Extension.extension:attributeEstimate.extension:type.value[x]","Extension.extension.extension.value[x]","","","",0,1,"","","","CodeableConcept {[]} {[]}
","The type of attribute estimate, e.g., confidence interval or p value","The type of attribute estimate, e.g., confidence interval or p value.","","","","","","","","","",,"extensible","","http://hl7.org/fhir/uv/xver/ValueSet/R5-attribute-estimate-type-for-R4|0.1.0","",,,,"Extension.value[x]",0,1,"","ele-1:All FHIR elements must have a @value or children {hasValue() or (children().count() > id.count())}
","N/A"
"Extension.extension:attributeEstimate.extension:quantity","Extension.extension.extension","quantity","","",0,1,"","","","Extension {[]} {[]}
","R5: The singular quantity of the attribute estimate, for attribute estimates represented as single values; also used to report unit of measure (new)","R5: `Evidence.statistic.attributeEstimate.quantity` (new:Quantity)","Element `Evidence.statistic.attributeEstimate.quantity` is part of an existing definition because parent element `Evidence.statistic.attributeEstimate` requires a cross-version extension.
Element `Evidence.statistic.attributeEstimate.quantity` has a context of Evidence based on following the parent source element upwards and mapping to `Evidence`.
Element `Evidence.statistic.attributeEstimate.quantity` has no mapping targets in FHIR R4. Typically, this is because the element has been added (is a new element).
Often the p value","Element `Evidence.statistic.attributeEstimate.quantity` is part of an existing definition because parent element `Evidence.statistic.attributeEstimate` requires a cross-version extension.
Element `Evidence.statistic.attributeEstimate.quantity` has a context of Evidence based on following the parent source element upwards and mapping to `Evidence`.
Element `Evidence.statistic.attributeEstimate.quantity` has no mapping targets in FHIR R4. Typically, this is because the element has been added (is a new element).","","","","","","","",,,,,"",,,,"Element.extension",0,*,"","ele-1:All FHIR elements must have a @value or children {hasValue() or (children().count() > id.count())}
ext-1:Must have either extensions or value[x], not both {extension.exists() != value.exists()}"
"Extension.extension:attributeEstimate.extension:quantity.id","Extension.extension.extension.id","","","",0,1,"","","","string {[]} {[]}
","Unique id for inter-element referencing","Unique id for the element within a resource (for internal references). This may be any string value that does not contain spaces.","","","","","","","","","",,,,,"",,,,"Element.id",0,1,"","","n/a"
"Extension.extension:attributeEstimate.extension:quantity.extension","Extension.extension.extension.extension","","extensions
user content","",0,*,"","","","Extension {[]} {[]}
","Additional content defined by implementations","May be used to represent additional information that is not part of the basic definition of the element. To make the use of extensions safe and manageable, there is a strict set of governance  applied to the definition and use of extensions. Though any implementer can define an extension, there is a set of requirements that SHALL be met as part of the definition of the extension.","There can be no stigma associated with the use of extensions by any application, project, or standard - regardless of the institution or jurisdiction that uses or defines the extensions.  The use of extensions is what allows the FHIR specification to retain a core level of simplicity for everyone.","","","","","","","","",,,,,"","value:url}
","Extensions are always sliced by (at least) url",,"open","Element.extension",0,*,"","ele-1:All FHIR elements must have a @value or children {hasValue() or (children().count() > id.count())}
ext-1:Must have either extensions or value[x], not both {extension.exists() != value.exists()}","n/a"
"Extension.extension:attributeEstimate.extension:quantity.url","Extension.extension.extension.url","","","",1,1,"","","","uri {[]} {[]}
","identifies the meaning of the extension","Source of the definition for the extension code - a logical name or a URL.","The definition may point directly to a computable or human-readable definition of the extensibility codes, or it may be a logical URI as declared in some other specification. The definition SHALL be a URI for the Structure Definition defining the extension.","","","","<valueUri xmlns=""http://hl7.org/fhir"" value=""quantity""/>","","","","",,,,,"",,,,"Extension.url",1,1,"","","N/A"
"Extension.extension:attributeEstimate.extension:quantity.value[x]","Extension.extension.extension.value[x]","","","",0,1,"","","","Quantity {[]} {[]}
","The singular quantity of the attribute estimate, for attribute estimates represented as single values; also used to report unit of measure","The singular quantity of the attribute estimate, for attribute estimates represented as single values; also used to report unit of measure.","Often the p value","","","","","","","","",,,,,"",,,,"Extension.value[x]",0,1,"","ele-1:All FHIR elements must have a @value or children {hasValue() or (children().count() > id.count())}
","N/A"
"Extension.extension:attributeEstimate.extension:level","Extension.extension.extension","level","","",0,1,"","","","Extension {[]} {[]}
","R5: Level of confidence interval, e.g., 0.95 for 95% confidence interval (new)","R5: `Evidence.statistic.attributeEstimate.level` (new:decimal)","Element `Evidence.statistic.attributeEstimate.level` is part of an existing definition because parent element `Evidence.statistic.attributeEstimate` requires a cross-version extension.
Element `Evidence.statistic.attributeEstimate.level` has a context of Evidence based on following the parent source element upwards and mapping to `Evidence`.
Element `Evidence.statistic.attributeEstimate.level` has no mapping targets in FHIR R4. Typically, this is because the element has been added (is a new element).","Element `Evidence.statistic.attributeEstimate.level` is part of an existing definition because parent element `Evidence.statistic.attributeEstimate` requires a cross-version extension.
Element `Evidence.statistic.attributeEstimate.level` has a context of Evidence based on following the parent source element upwards and mapping to `Evidence`.
Element `Evidence.statistic.attributeEstimate.level` has no mapping targets in FHIR R4. Typically, this is because the element has been added (is a new element).","","","","","","","",,,,,"",,,,"Element.extension",0,*,"","ele-1:All FHIR elements must have a @value or children {hasValue() or (children().count() > id.count())}
ext-1:Must have either extensions or value[x], not both {extension.exists() != value.exists()}"
"Extension.extension:attributeEstimate.extension:level.id","Extension.extension.extension.id","","","",0,1,"","","","string {[]} {[]}
","Unique id for inter-element referencing","Unique id for the element within a resource (for internal references). This may be any string value that does not contain spaces.","","","","","","","","","",,,,,"",,,,"Element.id",0,1,"","","n/a"
"Extension.extension:attributeEstimate.extension:level.extension","Extension.extension.extension.extension","","extensions
user content","",0,*,"","","","Extension {[]} {[]}
","Additional content defined by implementations","May be used to represent additional information that is not part of the basic definition of the element. To make the use of extensions safe and manageable, there is a strict set of governance  applied to the definition and use of extensions. Though any implementer can define an extension, there is a set of requirements that SHALL be met as part of the definition of the extension.","There can be no stigma associated with the use of extensions by any application, project, or standard - regardless of the institution or jurisdiction that uses or defines the extensions.  The use of extensions is what allows the FHIR specification to retain a core level of simplicity for everyone.","","","","","","","","",,,,,"","value:url}
","Extensions are always sliced by (at least) url",,"open","Element.extension",0,*,"","ele-1:All FHIR elements must have a @value or children {hasValue() or (children().count() > id.count())}
ext-1:Must have either extensions or value[x], not both {extension.exists() != value.exists()}","n/a"
"Extension.extension:attributeEstimate.extension:level.url","Extension.extension.extension.url","","","",1,1,"","","","uri {[]} {[]}
","identifies the meaning of the extension","Source of the definition for the extension code - a logical name or a URL.","The definition may point directly to a computable or human-readable definition of the extensibility codes, or it may be a logical URI as declared in some other specification. The definition SHALL be a URI for the Structure Definition defining the extension.","","","","<valueUri xmlns=""http://hl7.org/fhir"" value=""level""/>","","","","",,,,,"",,,,"Extension.url",1,1,"","","N/A"
"Extension.extension:attributeEstimate.extension:level.value[x]","Extension.extension.extension.value[x]","","","",0,1,"","","","decimal {[]} {[]}
","Level of confidence interval, e.g., 0.95 for 95% confidence interval","Use 95 for a 95% confidence interval.","","","","","","","","","",,,,,"",,,,"Extension.value[x]",0,1,"","ele-1:All FHIR elements must have a @value or children {hasValue() or (children().count() > id.count())}
","N/A"
"Extension.extension:attributeEstimate.extension:range","Extension.extension.extension","range","","",0,1,"","","","Extension {[]} {[]}
","R5: Lower and upper bound values of the attribute estimate (new)","R5: `Evidence.statistic.attributeEstimate.range` (new:Range)","Element `Evidence.statistic.attributeEstimate.range` is part of an existing definition because parent element `Evidence.statistic.attributeEstimate` requires a cross-version extension.
Element `Evidence.statistic.attributeEstimate.range` has a context of Evidence based on following the parent source element upwards and mapping to `Evidence`.
Element `Evidence.statistic.attributeEstimate.range` has no mapping targets in FHIR R4. Typically, this is because the element has been added (is a new element).","Element `Evidence.statistic.attributeEstimate.range` is part of an existing definition because parent element `Evidence.statistic.attributeEstimate` requires a cross-version extension.
Element `Evidence.statistic.attributeEstimate.range` has a context of Evidence based on following the parent source element upwards and mapping to `Evidence`.
Element `Evidence.statistic.attributeEstimate.range` has no mapping targets in FHIR R4. Typically, this is because the element has been added (is a new element).","","","","","","","",,,,,"",,,,"Element.extension",0,*,"","ele-1:All FHIR elements must have a @value or children {hasValue() or (children().count() > id.count())}
ext-1:Must have either extensions or value[x], not both {extension.exists() != value.exists()}"
"Extension.extension:attributeEstimate.extension:range.id","Extension.extension.extension.id","","","",0,1,"","","","string {[]} {[]}
","Unique id for inter-element referencing","Unique id for the element within a resource (for internal references). This may be any string value that does not contain spaces.","","","","","","","","","",,,,,"",,,,"Element.id",0,1,"","","n/a"
"Extension.extension:attributeEstimate.extension:range.extension","Extension.extension.extension.extension","","extensions
user content","",0,*,"","","","Extension {[]} {[]}
","Additional content defined by implementations","May be used to represent additional information that is not part of the basic definition of the element. To make the use of extensions safe and manageable, there is a strict set of governance  applied to the definition and use of extensions. Though any implementer can define an extension, there is a set of requirements that SHALL be met as part of the definition of the extension.","There can be no stigma associated with the use of extensions by any application, project, or standard - regardless of the institution or jurisdiction that uses or defines the extensions.  The use of extensions is what allows the FHIR specification to retain a core level of simplicity for everyone.","","","","","","","","",,,,,"","value:url}
","Extensions are always sliced by (at least) url",,"open","Element.extension",0,*,"","ele-1:All FHIR elements must have a @value or children {hasValue() or (children().count() > id.count())}
ext-1:Must have either extensions or value[x], not both {extension.exists() != value.exists()}","n/a"
"Extension.extension:attributeEstimate.extension:range.url","Extension.extension.extension.url","","","",1,1,"","","","uri {[]} {[]}
","identifies the meaning of the extension","Source of the definition for the extension code - a logical name or a URL.","The definition may point directly to a computable or human-readable definition of the extensibility codes, or it may be a logical URI as declared in some other specification. The definition SHALL be a URI for the Structure Definition defining the extension.","","","","<valueUri xmlns=""http://hl7.org/fhir"" value=""range""/>","","","","",,,,,"",,,,"Extension.url",1,1,"","","N/A"
"Extension.extension:attributeEstimate.extension:range.value[x]","Extension.extension.extension.value[x]","","","",0,1,"","","","Range {[]} {[]}
","Lower and upper bound values of the attribute estimate","Lower bound of confidence interval.","","","","","","","","","",,,,,"",,,,"Extension.value[x]",0,1,"","ele-1:All FHIR elements must have a @value or children {hasValue() or (children().count() > id.count())}
","N/A"
"Extension.extension:attributeEstimate.extension:attributeEstimate","Extension.extension.extension","attributeEstimate","","",0,*,"","","","Extension {[]} {[]}
","R5: A nested attribute estimate; which is the attribute estimate of an attribute estimate (new)","R5: `Evidence.statistic.attributeEstimate.attributeEstimate` (new:Evidence.statistic.attributeEstimate)","Element `Evidence.statistic.attributeEstimate.attributeEstimate` is part of an existing definition because parent element `Evidence.statistic.attributeEstimate` requires a cross-version extension.
Element `Evidence.statistic.attributeEstimate.attributeEstimate` has a context of Evidence based on following the parent source element upwards and mapping to `Evidence`.
Element `Evidence.statistic.attributeEstimate.attributeEstimate` has no mapping targets in FHIR R4. Typically, this is because the element has been added (is a new element).
A nested attribute estimate; which is the attribute estimate of an attribute estimate","Element `Evidence.statistic.attributeEstimate.attributeEstimate` is part of an existing definition because parent element `Evidence.statistic.attributeEstimate` requires a cross-version extension.
Element `Evidence.statistic.attributeEstimate.attributeEstimate` has a context of Evidence based on following the parent source element upwards and mapping to `Evidence`.
Element `Evidence.statistic.attributeEstimate.attributeEstimate` has no mapping targets in FHIR R4. Typically, this is because the element has been added (is a new element).","","","","","","","",,,,,"",,,,"Element.extension",0,*,"","ele-1:All FHIR elements must have a @value or children {hasValue() or (children().count() > id.count())}
ext-1:Must have either extensions or value[x], not both {extension.exists() != value.exists()}"
"Extension.extension:attributeEstimate.extension:attributeEstimate.id","Extension.extension.extension.id","","","",0,1,"","","","string {[]} {[]}
","Unique id for inter-element referencing","Unique id for the element within a resource (for internal references). This may be any string value that does not contain spaces.","","","","","","","","","",,,,,"",,,,"Element.id",0,1,"","","n/a"
"Extension.extension:attributeEstimate.extension:attributeEstimate.extension","Extension.extension.extension.extension","","extensions
user content","",0,*,"","","","Extension {[]} {[]}
","Additional content defined by implementations","May be used to represent additional information that is not part of the basic definition of the element. To make the use of extensions safe and manageable, there is a strict set of governance  applied to the definition and use of extensions. Though any implementer can define an extension, there is a set of requirements that SHALL be met as part of the definition of the extension.","There can be no stigma associated with the use of extensions by any application, project, or standard - regardless of the institution or jurisdiction that uses or defines the extensions.  The use of extensions is what allows the FHIR specification to retain a core level of simplicity for everyone.","","","","","","","","",,,,,"","value:url}
","Extensions are always sliced by (at least) url",,"open","Element.extension",0,*,"","ele-1:All FHIR elements must have a @value or children {hasValue() or (children().count() > id.count())}
ext-1:Must have either extensions or value[x], not both {extension.exists() != value.exists()}","n/a"
"Extension.extension:attributeEstimate.extension:attributeEstimate.url","Extension.extension.extension.url","","","",1,1,"","","","uri {[]} {[]}
","identifies the meaning of the extension","Source of the definition for the extension code - a logical name or a URL.","The definition may point directly to a computable or human-readable definition of the extensibility codes, or it may be a logical URI as declared in some other specification. The definition SHALL be a URI for the Structure Definition defining the extension.","","","","<valueUri xmlns=""http://hl7.org/fhir"" value=""http://hl7.org/fhir/5.0/StructureDefinition/extension-Evidence.statistic.attributeEstimate""/>","","","","",,,,,"",,,,"Extension.url",1,1,"","","N/A"
"Extension.extension:attributeEstimate.extension:attributeEstimate.value[x]","Extension.extension.extension.value[x]","","","",0,0,"","","","base64Binary {[]} {[]}
boolean {[]} {[]}canonical {[]} {[]}code {[]} {[]}date {[]} {[]}dateTime {[]} {[]}decimal {[]} {[]}id {[]} {[]}instant {[]} {[]}integer {[]} {[]}markdown {[]} {[]}oid {[]} {[]}positiveInt {[]} {[]}string {[]} {[]}time {[]} {[]}unsignedInt {[]} {[]}uri {[]} {[]}url {[]} {[]}uuid {[]} {[]}Address {[]} {[]}Age {[]} {[]}Annotation {[]} {[]}Attachment {[]} {[]}CodeableConcept {[]} {[]}Coding {[]} {[]}ContactPoint {[]} {[]}Count {[]} {[]}Distance {[]} {[]}Duration {[]} {[]}HumanName {[]} {[]}Identifier {[]} {[]}Money {[]} {[]}Period {[]} {[]}Quantity {[]} {[]}Range {[]} {[]}Ratio {[]} {[]}Reference {[]} {[]}SampledData {[]} {[]}Signature {[]} {[]}Timing {[]} {[]}ContactDetail {[]} {[]}Contributor {[]} {[]}DataRequirement {[]} {[]}Expression {[]} {[]}ParameterDefinition {[]} {[]}RelatedArtifact {[]} {[]}TriggerDefinition {[]} {[]}UsageContext {[]} {[]}Dosage {[]} {[]}Meta {[]} {[]}","Value of extension","Value of extension - must be one of a constrained set of the data types (see [Extensibility](http://hl7.org/fhir/R4/extensibility.html) for a list).","","","","","","","","","",,,,,"",,,,"Extension.value[x]",0,1,"","ele-1:All FHIR elements must have a @value or children {hasValue() or (children().count() > id.count())}
","N/A"
"Extension.extension:attributeEstimate.url","Extension.extension.url","","","",1,1,"","","","uri {[]} {[]}
","identifies the meaning of the extension","Source of the definition for the extension code - a logical name or a URL.","The definition may point directly to a computable or human-readable definition of the extensibility codes, or it may be a logical URI as declared in some other specification. The definition SHALL be a URI for the Structure Definition defining the extension.","","","","<valueUri xmlns=""http://hl7.org/fhir"" value=""attributeEstimate""/>","","","","",,,,,"",,,,"Extension.url",1,1,"","","N/A"
"Extension.extension:attributeEstimate.value[x]","Extension.extension.value[x]","","","",0,0,"","","","base64Binary {[]} {[]}
boolean {[]} {[]}canonical {[]} {[]}code {[]} {[]}date {[]} {[]}dateTime {[]} {[]}decimal {[]} {[]}id {[]} {[]}instant {[]} {[]}integer {[]} {[]}markdown {[]} {[]}oid {[]} {[]}positiveInt {[]} {[]}string {[]} {[]}time {[]} {[]}unsignedInt {[]} {[]}uri {[]} {[]}url {[]} {[]}uuid {[]} {[]}Address {[]} {[]}Age {[]} {[]}Annotation {[]} {[]}Attachment {[]} {[]}CodeableConcept {[]} {[]}Coding {[]} {[]}ContactPoint {[]} {[]}Count {[]} {[]}Distance {[]} {[]}Duration {[]} {[]}HumanName {[]} {[]}Identifier {[]} {[]}Money {[]} {[]}Period {[]} {[]}Quantity {[]} {[]}Range {[]} {[]}Ratio {[]} {[]}Reference {[]} {[]}SampledData {[]} {[]}Signature {[]} {[]}Timing {[]} {[]}ContactDetail {[]} {[]}Contributor {[]} {[]}DataRequirement {[]} {[]}Expression {[]} {[]}ParameterDefinition {[]} {[]}RelatedArtifact {[]} {[]}TriggerDefinition {[]} {[]}UsageContext {[]} {[]}Dosage {[]} {[]}Meta {[]} {[]}","Value of extension","Value of extension - must be one of a constrained set of the data types (see [Extensibility](http://hl7.org/fhir/R4/extensibility.html) for a list).","","","","","","","","","",,,,,"",,,,"Extension.value[x]",0,1,"","ele-1:All FHIR elements must have a @value or children {hasValue() or (children().count() > id.count())}
","N/A"
"Extension.extension:modelCharacteristic","Extension.extension","modelCharacteristic","","",0,*,"","","","Extension {[]} {[]}
","R5: An aspect of the statistical model (new)","R5: `Evidence.statistic.modelCharacteristic` (new:BackboneElement)","Element `Evidence.statistic.modelCharacteristic` is part of an existing definition because parent element `Evidence.statistic` requires a cross-version extension.
Element `Evidence.statistic.modelCharacteristic` has a context of Evidence based on following the parent source element upwards and mapping to `Evidence`.
Element `Evidence.statistic.modelCharacteristic` has no mapping targets in FHIR R4. Typically, this is because the element has been added (is a new element).","Element `Evidence.statistic.modelCharacteristic` is part of an existing definition because parent element `Evidence.statistic` requires a cross-version extension.
Element `Evidence.statistic.modelCharacteristic` has a context of Evidence based on following the parent source element upwards and mapping to `Evidence`.
Element `Evidence.statistic.modelCharacteristic` has no mapping targets in FHIR R4. Typically, this is because the element has been added (is a new element).","","","","","","","",,,,,"",,,,"Element.extension",0,*,"","ele-1:All FHIR elements must have a @value or children {hasValue() or (children().count() > id.count())}
ext-1:Must have either extensions or value[x], not both {extension.exists() != value.exists()}"
"Extension.extension:modelCharacteristic.id","Extension.extension.id","","","",0,1,"","","","string {[]} {[]}
","Unique id for inter-element referencing","Unique id for the element within a resource (for internal references). This may be any string value that does not contain spaces.","","","","","","","","","",,,,,"",,,,"Element.id",0,1,"","","n/a"
"Extension.extension:modelCharacteristic.extension","Extension.extension.extension","","","",1,*,"","","","Extension {[]} {[]}
","Extension","An Extension","","","","","","","","","",,,,,"","value:url}
","Extensions are always sliced by (at least) url",,"open","Element.extension",0,*,"","ele-1:All FHIR elements must have a @value or children {hasValue() or (children().count() > id.count())}
ext-1:Must have either extensions or value[x], not both {extension.exists() != value.exists()}"
"Extension.extension:modelCharacteristic.extension:code","Extension.extension.extension","code","","",1,1,"","","","Extension {[]} {[]}
","R5: Model specification (new)","R5: `Evidence.statistic.modelCharacteristic.code` (new:CodeableConcept)","Element `Evidence.statistic.modelCharacteristic.code` is part of an existing definition because parent element `Evidence.statistic.modelCharacteristic` requires a cross-version extension.
Element `Evidence.statistic.modelCharacteristic.code` has a context of Evidence based on following the parent source element upwards and mapping to `Evidence`.
Element `Evidence.statistic.modelCharacteristic.code` has no mapping targets in FHIR R4. Typically, this is because the element has been added (is a new element).","Element `Evidence.statistic.modelCharacteristic.code` is part of an existing definition because parent element `Evidence.statistic.modelCharacteristic` requires a cross-version extension.
Element `Evidence.statistic.modelCharacteristic.code` has a context of Evidence based on following the parent source element upwards and mapping to `Evidence`.
Element `Evidence.statistic.modelCharacteristic.code` has no mapping targets in FHIR R4. Typically, this is because the element has been added (is a new element).","","","","","","","",,,,,"",,,,"Element.extension",0,*,"","ele-1:All FHIR elements must have a @value or children {hasValue() or (children().count() > id.count())}
ext-1:Must have either extensions or value[x], not both {extension.exists() != value.exists()}"
"Extension.extension:modelCharacteristic.extension:code.id","Extension.extension.extension.id","","","",0,1,"","","","string {[]} {[]}
","Unique id for inter-element referencing","Unique id for the element within a resource (for internal references). This may be any string value that does not contain spaces.","","","","","","","","","",,,,,"",,,,"Element.id",0,1,"","","n/a"
"Extension.extension:modelCharacteristic.extension:code.extension","Extension.extension.extension.extension","","extensions
user content","",0,*,"","","","Extension {[]} {[]}
","Additional content defined by implementations","May be used to represent additional information that is not part of the basic definition of the element. To make the use of extensions safe and manageable, there is a strict set of governance  applied to the definition and use of extensions. Though any implementer can define an extension, there is a set of requirements that SHALL be met as part of the definition of the extension.","There can be no stigma associated with the use of extensions by any application, project, or standard - regardless of the institution or jurisdiction that uses or defines the extensions.  The use of extensions is what allows the FHIR specification to retain a core level of simplicity for everyone.","","","","","","","","",,,,,"","value:url}
","Extensions are always sliced by (at least) url",,"open","Element.extension",0,*,"","ele-1:All FHIR elements must have a @value or children {hasValue() or (children().count() > id.count())}
ext-1:Must have either extensions or value[x], not both {extension.exists() != value.exists()}","n/a"
"Extension.extension:modelCharacteristic.extension:code.url","Extension.extension.extension.url","","","",1,1,"","","","uri {[]} {[]}
","identifies the meaning of the extension","Source of the definition for the extension code - a logical name or a URL.","The definition may point directly to a computable or human-readable definition of the extensibility codes, or it may be a logical URI as declared in some other specification. The definition SHALL be a URI for the Structure Definition defining the extension.","","","","<valueUri xmlns=""http://hl7.org/fhir"" value=""code""/>","","","","",,,,,"",,,,"Extension.url",1,1,"","","N/A"
"Extension.extension:modelCharacteristic.extension:code.value[x]","Extension.extension.extension.value[x]","","","",1,1,"","","","CodeableConcept {[]} {[]}
","Model specification","Description of a component of the method to generate the statistic.","","","","","","","","","",,"extensible","","http://hl7.org/fhir/uv/xver/ValueSet/R5-statistic-model-code-for-R4|0.1.0","",,,,"Extension.value[x]",0,1,"","ele-1:All FHIR elements must have a @value or children {hasValue() or (children().count() > id.count())}
","N/A"
"Extension.extension:modelCharacteristic.extension:value","Extension.extension.extension","value","","",0,1,"","","","Extension {[]} {[]}
","R5: Numerical value to complete model specification (new)","R5: `Evidence.statistic.modelCharacteristic.value` (new:Quantity[SimpleQuantity])","Element `Evidence.statistic.modelCharacteristic.value` is part of an existing definition because parent element `Evidence.statistic.modelCharacteristic` requires a cross-version extension.
Element `Evidence.statistic.modelCharacteristic.value` has a context of Evidence based on following the parent source element upwards and mapping to `Evidence`.
Element `Evidence.statistic.modelCharacteristic.value` has no mapping targets in FHIR R4. Typically, this is because the element has been added (is a new element).","Element `Evidence.statistic.modelCharacteristic.value` is part of an existing definition because parent element `Evidence.statistic.modelCharacteristic` requires a cross-version extension.
Element `Evidence.statistic.modelCharacteristic.value` has a context of Evidence based on following the parent source element upwards and mapping to `Evidence`.
Element `Evidence.statistic.modelCharacteristic.value` has no mapping targets in FHIR R4. Typically, this is because the element has been added (is a new element).","","","","","","","",,,,,"",,,,"Element.extension",0,*,"","ele-1:All FHIR elements must have a @value or children {hasValue() or (children().count() > id.count())}
ext-1:Must have either extensions or value[x], not both {extension.exists() != value.exists()}"
"Extension.extension:modelCharacteristic.extension:value.id","Extension.extension.extension.id","","","",0,1,"","","","string {[]} {[]}
","Unique id for inter-element referencing","Unique id for the element within a resource (for internal references). This may be any string value that does not contain spaces.","","","","","","","","","",,,,,"",,,,"Element.id",0,1,"","","n/a"
"Extension.extension:modelCharacteristic.extension:value.extension","Extension.extension.extension.extension","","extensions
user content","",0,*,"","","","Extension {[]} {[]}
","Additional content defined by implementations","May be used to represent additional information that is not part of the basic definition of the element. To make the use of extensions safe and manageable, there is a strict set of governance  applied to the definition and use of extensions. Though any implementer can define an extension, there is a set of requirements that SHALL be met as part of the definition of the extension.","There can be no stigma associated with the use of extensions by any application, project, or standard - regardless of the institution or jurisdiction that uses or defines the extensions.  The use of extensions is what allows the FHIR specification to retain a core level of simplicity for everyone.","","","","","","","","",,,,,"","value:url}
","Extensions are always sliced by (at least) url",,"open","Element.extension",0,*,"","ele-1:All FHIR elements must have a @value or children {hasValue() or (children().count() > id.count())}
ext-1:Must have either extensions or value[x], not both {extension.exists() != value.exists()}","n/a"
"Extension.extension:modelCharacteristic.extension:value.url","Extension.extension.extension.url","","","",1,1,"","","","uri {[]} {[]}
","identifies the meaning of the extension","Source of the definition for the extension code - a logical name or a URL.","The definition may point directly to a computable or human-readable definition of the extensibility codes, or it may be a logical URI as declared in some other specification. The definition SHALL be a URI for the Structure Definition defining the extension.","","","","<valueUri xmlns=""http://hl7.org/fhir"" value=""value""/>","","","","",,,,,"",,,,"Extension.url",1,1,"","","N/A"
"Extension.extension:modelCharacteristic.extension:value.value[x]","Extension.extension.extension.value[x]","","","",0,1,"","","","Quantity {[CanonicalType[http://hl7.org/fhir/StructureDefinition/SimpleQuantity|4.0.1]]} {[]}
","Numerical value to complete model specification","Further specification of the quantified value of the component of the method to generate the statistic.","","","","","","","","","",,,,,"",,,,"Extension.value[x]",0,1,"","ele-1:All FHIR elements must have a @value or children {hasValue() or (children().count() > id.count())}
","N/A"
"Extension.extension:modelCharacteristic.extension:variable","Extension.extension.extension","variable","","",0,*,"","","","Extension {[]} {[]}
","R5: A variable adjusted for in the adjusted analysis (new)","R5: `Evidence.statistic.modelCharacteristic.variable` (new:BackboneElement)","Element `Evidence.statistic.modelCharacteristic.variable` is part of an existing definition because parent element `Evidence.statistic.modelCharacteristic` requires a cross-version extension.
Element `Evidence.statistic.modelCharacteristic.variable` has a context of Evidence based on following the parent source element upwards and mapping to `Evidence`.
Element `Evidence.statistic.modelCharacteristic.variable` has no mapping targets in FHIR R4. Typically, this is because the element has been added (is a new element).","Element `Evidence.statistic.modelCharacteristic.variable` is part of an existing definition because parent element `Evidence.statistic.modelCharacteristic` requires a cross-version extension.
Element `Evidence.statistic.modelCharacteristic.variable` has a context of Evidence based on following the parent source element upwards and mapping to `Evidence`.
Element `Evidence.statistic.modelCharacteristic.variable` has no mapping targets in FHIR R4. Typically, this is because the element has been added (is a new element).","","","","","","","",,,,,"",,,,"Element.extension",0,*,"","ele-1:All FHIR elements must have a @value or children {hasValue() or (children().count() > id.count())}
ext-1:Must have either extensions or value[x], not both {extension.exists() != value.exists()}"
"Extension.extension:modelCharacteristic.extension:variable.id","Extension.extension.extension.id","","","",0,1,"","","","string {[]} {[]}
","Unique id for inter-element referencing","Unique id for the element within a resource (for internal references). This may be any string value that does not contain spaces.","","","","","","","","","",,,,,"",,,,"Element.id",0,1,"","","n/a"
"Extension.extension:modelCharacteristic.extension:variable.extension","Extension.extension.extension.extension","","","",1,*,"","","","Extension {[]} {[]}
","Extension","An Extension","","","","","","","","","",,,,,"","value:url}
","Extensions are always sliced by (at least) url",,"open","Element.extension",0,*,"","ele-1:All FHIR elements must have a @value or children {hasValue() or (children().count() > id.count())}
ext-1:Must have either extensions or value[x], not both {extension.exists() != value.exists()}"
"Extension.extension:modelCharacteristic.extension:variable.extension:variableDefinition","Extension.extension.extension.extension","variableDefinition","","",1,1,"","","","Extension {[]} {[]}
","R5: Description of the variable (new)","R5: `Evidence.statistic.modelCharacteristic.variable.variableDefinition` (new:Reference(Group,EvidenceVariable))","Element `Evidence.statistic.modelCharacteristic.variable.variableDefinition` is part of an existing definition because parent element `Evidence.statistic.modelCharacteristic.variable` requires a cross-version extension.
Element `Evidence.statistic.modelCharacteristic.variable.variableDefinition` has a context of Evidence based on following the parent source element upwards and mapping to `Evidence`.
Element `Evidence.statistic.modelCharacteristic.variable.variableDefinition` has no mapping targets in FHIR R4. Typically, this is because the element has been added (is a new element).","Element `Evidence.statistic.modelCharacteristic.variable.variableDefinition` is part of an existing definition because parent element `Evidence.statistic.modelCharacteristic.variable` requires a cross-version extension.
Element `Evidence.statistic.modelCharacteristic.variable.variableDefinition` has a context of Evidence based on following the parent source element upwards and mapping to `Evidence`.
Element `Evidence.statistic.modelCharacteristic.variable.variableDefinition` has no mapping targets in FHIR R4. Typically, this is because the element has been added (is a new element).","","","","","","","",,,,,"",,,,"Element.extension",0,*,"","ele-1:All FHIR elements must have a @value or children {hasValue() or (children().count() > id.count())}
ext-1:Must have either extensions or value[x], not both {extension.exists() != value.exists()}"
"Extension.extension:modelCharacteristic.extension:variable.extension:variableDefinition.id","Extension.extension.extension.extension.id","","","",0,1,"","","","string {[]} {[]}
","Unique id for inter-element referencing","Unique id for the element within a resource (for internal references). This may be any string value that does not contain spaces.","","","","","","","","","",,,,,"",,,,"Element.id",0,1,"","","n/a"
"Extension.extension:modelCharacteristic.extension:variable.extension:variableDefinition.extension","Extension.extension.extension.extension.extension","","extensions
user content","",0,*,"","","","Extension {[]} {[]}
","Additional content defined by implementations","May be used to represent additional information that is not part of the basic definition of the element. To make the use of extensions safe and manageable, there is a strict set of governance  applied to the definition and use of extensions. Though any implementer can define an extension, there is a set of requirements that SHALL be met as part of the definition of the extension.","There can be no stigma associated with the use of extensions by any application, project, or standard - regardless of the institution or jurisdiction that uses or defines the extensions.  The use of extensions is what allows the FHIR specification to retain a core level of simplicity for everyone.","","","","","","","","",,,,,"","value:url}
","Extensions are always sliced by (at least) url",,"open","Element.extension",0,*,"","ele-1:All FHIR elements must have a @value or children {hasValue() or (children().count() > id.count())}
ext-1:Must have either extensions or value[x], not both {extension.exists() != value.exists()}","n/a"
"Extension.extension:modelCharacteristic.extension:variable.extension:variableDefinition.url","Extension.extension.extension.extension.url","","","",1,1,"","","","uri {[]} {[]}
","identifies the meaning of the extension","Source of the definition for the extension code - a logical name or a URL.","The definition may point directly to a computable or human-readable definition of the extensibility codes, or it may be a logical URI as declared in some other specification. The definition SHALL be a URI for the Structure Definition defining the extension.","","","","<valueUri xmlns=""http://hl7.org/fhir"" value=""variableDefinition""/>","","","","",,,,,"",,,,"Extension.url",1,1,"","","N/A"
"Extension.extension:modelCharacteristic.extension:variable.extension:variableDefinition.value[x]","Extension.extension.extension.extension.value[x]","","","",1,1,"","","","Reference {[]} {[CanonicalType[http://hl7.org/fhir/5.0/StructureDefinition/profile-Group|0.1.0], CanonicalType[http://hl7.org/fhir/StructureDefinition/Group|4.0.1], CanonicalType[http://hl7.org/fhir/5.0/StructureDefinition/profile-EvidenceVariable|0.1.0], CanonicalType[http://hl7.org/fhir/StructureDefinition/EvidenceVariable|4.0.1]]}
","Description of the variable","Description of the variable.","","","","","","","","","",,,,,"",,,,"Extension.value[x]",0,1,"","ele-1:All FHIR elements must have a @value or children {hasValue() or (children().count() > id.count())}
","N/A"
"Extension.extension:modelCharacteristic.extension:variable.extension:handling","Extension.extension.extension.extension","handling","","",0,1,"","","","Extension {[]} {[]}
","R5: continuous | dichotomous | ordinal | polychotomous (new)","R5: `Evidence.statistic.modelCharacteristic.variable.handling` (new:code)","Element `Evidence.statistic.modelCharacteristic.variable.handling` is part of an existing definition because parent element `Evidence.statistic.modelCharacteristic.variable` requires a cross-version extension.
Element `Evidence.statistic.modelCharacteristic.variable.handling` has a context of Evidence based on following the parent source element upwards and mapping to `Evidence`.
Element `Evidence.statistic.modelCharacteristic.variable.handling` has no mapping targets in FHIR R4. Typically, this is because the element has been added (is a new element).","Element `Evidence.statistic.modelCharacteristic.variable.handling` is part of an existing definition because parent element `Evidence.statistic.modelCharacteristic.variable` requires a cross-version extension.
Element `Evidence.statistic.modelCharacteristic.variable.handling` has a context of Evidence based on following the parent source element upwards and mapping to `Evidence`.
Element `Evidence.statistic.modelCharacteristic.variable.handling` has no mapping targets in FHIR R4. Typically, this is because the element has been added (is a new element).","","","","","","","",,,,,"",,,,"Element.extension",0,*,"","ele-1:All FHIR elements must have a @value or children {hasValue() or (children().count() > id.count())}
ext-1:Must have either extensions or value[x], not both {extension.exists() != value.exists()}"
"Extension.extension:modelCharacteristic.extension:variable.extension:handling.id","Extension.extension.extension.extension.id","","","",0,1,"","","","string {[]} {[]}
","Unique id for inter-element referencing","Unique id for the element within a resource (for internal references). This may be any string value that does not contain spaces.","","","","","","","","","",,,,,"",,,,"Element.id",0,1,"","","n/a"
"Extension.extension:modelCharacteristic.extension:variable.extension:handling.extension","Extension.extension.extension.extension.extension","","extensions
user content","",0,*,"","","","Extension {[]} {[]}
","Additional content defined by implementations","May be used to represent additional information that is not part of the basic definition of the element. To make the use of extensions safe and manageable, there is a strict set of governance  applied to the definition and use of extensions. Though any implementer can define an extension, there is a set of requirements that SHALL be met as part of the definition of the extension.","There can be no stigma associated with the use of extensions by any application, project, or standard - regardless of the institution or jurisdiction that uses or defines the extensions.  The use of extensions is what allows the FHIR specification to retain a core level of simplicity for everyone.","","","","","","","","",,,,,"","value:url}
","Extensions are always sliced by (at least) url",,"open","Element.extension",0,*,"","ele-1:All FHIR elements must have a @value or children {hasValue() or (children().count() > id.count())}
ext-1:Must have either extensions or value[x], not both {extension.exists() != value.exists()}","n/a"
"Extension.extension:modelCharacteristic.extension:variable.extension:handling.url","Extension.extension.extension.extension.url","","","",1,1,"","","","uri {[]} {[]}
","identifies the meaning of the extension","Source of the definition for the extension code - a logical name or a URL.","The definition may point directly to a computable or human-readable definition of the extensibility codes, or it may be a logical URI as declared in some other specification. The definition SHALL be a URI for the Structure Definition defining the extension.","","","","<valueUri xmlns=""http://hl7.org/fhir"" value=""handling""/>","","","","",,,,,"",,,,"Extension.url",1,1,"","","N/A"
"Extension.extension:modelCharacteristic.extension:variable.extension:handling.value[x]","Extension.extension.extension.extension.value[x]","","","",0,1,"","","","code {[]} {[]}
","continuous | dichotomous | ordinal | polychotomous","How the variable is classified for use in adjusted analysis.","","","","","","","","","",,"required","","http://hl7.org/fhir/uv/xver/ValueSet/R5-variable-handling-for-R4|0.1.0","",,,,"Extension.value[x]",0,1,"","ele-1:All FHIR elements must have a @value or children {hasValue() or (children().count() > id.count())}
","N/A"
"Extension.extension:modelCharacteristic.extension:variable.extension:valueCategory","Extension.extension.extension.extension","valueCategory","","",0,*,"","","","Extension {[]} {[]}
","R5: Description for grouping of ordinal or polychotomous variables (new)","R5: `Evidence.statistic.modelCharacteristic.variable.valueCategory` (new:CodeableConcept)","Element `Evidence.statistic.modelCharacteristic.variable.valueCategory` is part of an existing definition because parent element `Evidence.statistic.modelCharacteristic.variable` requires a cross-version extension.
Element `Evidence.statistic.modelCharacteristic.variable.valueCategory` has a context of Evidence based on following the parent source element upwards and mapping to `Evidence`.
Element `Evidence.statistic.modelCharacteristic.variable.valueCategory` has no mapping targets in FHIR R4. Typically, this is because the element has been added (is a new element).","Element `Evidence.statistic.modelCharacteristic.variable.valueCategory` is part of an existing definition because parent element `Evidence.statistic.modelCharacteristic.variable` requires a cross-version extension.
Element `Evidence.statistic.modelCharacteristic.variable.valueCategory` has a context of Evidence based on following the parent source element upwards and mapping to `Evidence`.
Element `Evidence.statistic.modelCharacteristic.variable.valueCategory` has no mapping targets in FHIR R4. Typically, this is because the element has been added (is a new element).","","","","","","","",,,,,"",,,,"Element.extension",0,*,"","ele-1:All FHIR elements must have a @value or children {hasValue() or (children().count() > id.count())}
ext-1:Must have either extensions or value[x], not both {extension.exists() != value.exists()}"
"Extension.extension:modelCharacteristic.extension:variable.extension:valueCategory.id","Extension.extension.extension.extension.id","","","",0,1,"","","","string {[]} {[]}
","Unique id for inter-element referencing","Unique id for the element within a resource (for internal references). This may be any string value that does not contain spaces.","","","","","","","","","",,,,,"",,,,"Element.id",0,1,"","","n/a"
"Extension.extension:modelCharacteristic.extension:variable.extension:valueCategory.extension","Extension.extension.extension.extension.extension","","extensions
user content","",0,*,"","","","Extension {[]} {[]}
","Additional content defined by implementations","May be used to represent additional information that is not part of the basic definition of the element. To make the use of extensions safe and manageable, there is a strict set of governance  applied to the definition and use of extensions. Though any implementer can define an extension, there is a set of requirements that SHALL be met as part of the definition of the extension.","There can be no stigma associated with the use of extensions by any application, project, or standard - regardless of the institution or jurisdiction that uses or defines the extensions.  The use of extensions is what allows the FHIR specification to retain a core level of simplicity for everyone.","","","","","","","","",,,,,"","value:url}
","Extensions are always sliced by (at least) url",,"open","Element.extension",0,*,"","ele-1:All FHIR elements must have a @value or children {hasValue() or (children().count() > id.count())}
ext-1:Must have either extensions or value[x], not both {extension.exists() != value.exists()}","n/a"
"Extension.extension:modelCharacteristic.extension:variable.extension:valueCategory.url","Extension.extension.extension.extension.url","","","",1,1,"","","","uri {[]} {[]}
","identifies the meaning of the extension","Source of the definition for the extension code - a logical name or a URL.","The definition may point directly to a computable or human-readable definition of the extensibility codes, or it may be a logical URI as declared in some other specification. The definition SHALL be a URI for the Structure Definition defining the extension.","","","","<valueUri xmlns=""http://hl7.org/fhir"" value=""valueCategory""/>","","","","",,,,,"",,,,"Extension.url",1,1,"","","N/A"
"Extension.extension:modelCharacteristic.extension:variable.extension:valueCategory.value[x]","Extension.extension.extension.extension.value[x]","","","",0,1,"","","","CodeableConcept {[]} {[]}
","Description for grouping of ordinal or polychotomous variables","Description for grouping of ordinal or polychotomous variables.","","","","","","","","","",,,,,"",,,,"Extension.value[x]",0,1,"","ele-1:All FHIR elements must have a @value or children {hasValue() or (children().count() > id.count())}
","N/A"
"Extension.extension:modelCharacteristic.extension:variable.extension:valueQuantity","Extension.extension.extension.extension","valueQuantity","","",0,*,"","","","Extension {[]} {[]}
","R5: Discrete value for grouping of ordinal or polychotomous variables (new)","R5: `Evidence.statistic.modelCharacteristic.variable.valueQuantity` (new:Quantity)","Element `Evidence.statistic.modelCharacteristic.variable.valueQuantity` is part of an existing definition because parent element `Evidence.statistic.modelCharacteristic.variable` requires a cross-version extension.
Element `Evidence.statistic.modelCharacteristic.variable.valueQuantity` has a context of Evidence based on following the parent source element upwards and mapping to `Evidence`.
Element `Evidence.statistic.modelCharacteristic.variable.valueQuantity` has no mapping targets in FHIR R4. Typically, this is because the element has been added (is a new element).","Element `Evidence.statistic.modelCharacteristic.variable.valueQuantity` is part of an existing definition because parent element `Evidence.statistic.modelCharacteristic.variable` requires a cross-version extension.
Element `Evidence.statistic.modelCharacteristic.variable.valueQuantity` has a context of Evidence based on following the parent source element upwards and mapping to `Evidence`.
Element `Evidence.statistic.modelCharacteristic.variable.valueQuantity` has no mapping targets in FHIR R4. Typically, this is because the element has been added (is a new element).","","","","","","","",,,,,"",,,,"Element.extension",0,*,"","ele-1:All FHIR elements must have a @value or children {hasValue() or (children().count() > id.count())}
ext-1:Must have either extensions or value[x], not both {extension.exists() != value.exists()}"
"Extension.extension:modelCharacteristic.extension:variable.extension:valueQuantity.id","Extension.extension.extension.extension.id","","","",0,1,"","","","string {[]} {[]}
","Unique id for inter-element referencing","Unique id for the element within a resource (for internal references). This may be any string value that does not contain spaces.","","","","","","","","","",,,,,"",,,,"Element.id",0,1,"","","n/a"
"Extension.extension:modelCharacteristic.extension:variable.extension:valueQuantity.extension","Extension.extension.extension.extension.extension","","extensions
user content","",0,*,"","","","Extension {[]} {[]}
","Additional content defined by implementations","May be used to represent additional information that is not part of the basic definition of the element. To make the use of extensions safe and manageable, there is a strict set of governance  applied to the definition and use of extensions. Though any implementer can define an extension, there is a set of requirements that SHALL be met as part of the definition of the extension.","There can be no stigma associated with the use of extensions by any application, project, or standard - regardless of the institution or jurisdiction that uses or defines the extensions.  The use of extensions is what allows the FHIR specification to retain a core level of simplicity for everyone.","","","","","","","","",,,,,"","value:url}
","Extensions are always sliced by (at least) url",,"open","Element.extension",0,*,"","ele-1:All FHIR elements must have a @value or children {hasValue() or (children().count() > id.count())}
ext-1:Must have either extensions or value[x], not both {extension.exists() != value.exists()}","n/a"
"Extension.extension:modelCharacteristic.extension:variable.extension:valueQuantity.url","Extension.extension.extension.extension.url","","","",1,1,"","","","uri {[]} {[]}
","identifies the meaning of the extension","Source of the definition for the extension code - a logical name or a URL.","The definition may point directly to a computable or human-readable definition of the extensibility codes, or it may be a logical URI as declared in some other specification. The definition SHALL be a URI for the Structure Definition defining the extension.","","","","<valueUri xmlns=""http://hl7.org/fhir"" value=""valueQuantity""/>","","","","",,,,,"",,,,"Extension.url",1,1,"","","N/A"
"Extension.extension:modelCharacteristic.extension:variable.extension:valueQuantity.value[x]","Extension.extension.extension.extension.value[x]","","","",0,1,"","","","Quantity {[]} {[]}
","Discrete value for grouping of ordinal or polychotomous variables","Discrete value for grouping of ordinal or polychotomous variables.","","","","","","","","","",,,,,"",,,,"Extension.value[x]",0,1,"","ele-1:All FHIR elements must have a @value or children {hasValue() or (children().count() > id.count())}
","N/A"
"Extension.extension:modelCharacteristic.extension:variable.extension:valueRange","Extension.extension.extension.extension","valueRange","","",0,*,"","","","Extension {[]} {[]}
","R5: Range of values for grouping of ordinal or polychotomous variables (new)","R5: `Evidence.statistic.modelCharacteristic.variable.valueRange` (new:Range)","Element `Evidence.statistic.modelCharacteristic.variable.valueRange` is part of an existing definition because parent element `Evidence.statistic.modelCharacteristic.variable` requires a cross-version extension.
Element `Evidence.statistic.modelCharacteristic.variable.valueRange` has a context of Evidence based on following the parent source element upwards and mapping to `Evidence`.
Element `Evidence.statistic.modelCharacteristic.variable.valueRange` has no mapping targets in FHIR R4. Typically, this is because the element has been added (is a new element).","Element `Evidence.statistic.modelCharacteristic.variable.valueRange` is part of an existing definition because parent element `Evidence.statistic.modelCharacteristic.variable` requires a cross-version extension.
Element `Evidence.statistic.modelCharacteristic.variable.valueRange` has a context of Evidence based on following the parent source element upwards and mapping to `Evidence`.
Element `Evidence.statistic.modelCharacteristic.variable.valueRange` has no mapping targets in FHIR R4. Typically, this is because the element has been added (is a new element).","","","","","","","",,,,,"",,,,"Element.extension",0,*,"","ele-1:All FHIR elements must have a @value or children {hasValue() or (children().count() > id.count())}
ext-1:Must have either extensions or value[x], not both {extension.exists() != value.exists()}"
"Extension.extension:modelCharacteristic.extension:variable.extension:valueRange.id","Extension.extension.extension.extension.id","","","",0,1,"","","","string {[]} {[]}
","Unique id for inter-element referencing","Unique id for the element within a resource (for internal references). This may be any string value that does not contain spaces.","","","","","","","","","",,,,,"",,,,"Element.id",0,1,"","","n/a"
"Extension.extension:modelCharacteristic.extension:variable.extension:valueRange.extension","Extension.extension.extension.extension.extension","","extensions
user content","",0,*,"","","","Extension {[]} {[]}
","Additional content defined by implementations","May be used to represent additional information that is not part of the basic definition of the element. To make the use of extensions safe and manageable, there is a strict set of governance  applied to the definition and use of extensions. Though any implementer can define an extension, there is a set of requirements that SHALL be met as part of the definition of the extension.","There can be no stigma associated with the use of extensions by any application, project, or standard - regardless of the institution or jurisdiction that uses or defines the extensions.  The use of extensions is what allows the FHIR specification to retain a core level of simplicity for everyone.","","","","","","","","",,,,,"","value:url}
","Extensions are always sliced by (at least) url",,"open","Element.extension",0,*,"","ele-1:All FHIR elements must have a @value or children {hasValue() or (children().count() > id.count())}
ext-1:Must have either extensions or value[x], not both {extension.exists() != value.exists()}","n/a"
"Extension.extension:modelCharacteristic.extension:variable.extension:valueRange.url","Extension.extension.extension.extension.url","","","",1,1,"","","","uri {[]} {[]}
","identifies the meaning of the extension","Source of the definition for the extension code - a logical name or a URL.","The definition may point directly to a computable or human-readable definition of the extensibility codes, or it may be a logical URI as declared in some other specification. The definition SHALL be a URI for the Structure Definition defining the extension.","","","","<valueUri xmlns=""http://hl7.org/fhir"" value=""valueRange""/>","","","","",,,,,"",,,,"Extension.url",1,1,"","","N/A"
"Extension.extension:modelCharacteristic.extension:variable.extension:valueRange.value[x]","Extension.extension.extension.extension.value[x]","","","",0,1,"","","","Range {[]} {[]}
","Range of values for grouping of ordinal or polychotomous variables","Range of values for grouping of ordinal or polychotomous variables.","","","","","","","","","",,,,,"",,,,"Extension.value[x]",0,1,"","ele-1:All FHIR elements must have a @value or children {hasValue() or (children().count() > id.count())}
","N/A"
"Extension.extension:modelCharacteristic.extension:variable.url","Extension.extension.extension.url","","","",1,1,"","","","uri {[]} {[]}
","identifies the meaning of the extension","Source of the definition for the extension code - a logical name or a URL.","The definition may point directly to a computable or human-readable definition of the extensibility codes, or it may be a logical URI as declared in some other specification. The definition SHALL be a URI for the Structure Definition defining the extension.","","","","<valueUri xmlns=""http://hl7.org/fhir"" value=""variable""/>","","","","",,,,,"",,,,"Extension.url",1,1,"","","N/A"
"Extension.extension:modelCharacteristic.extension:variable.value[x]","Extension.extension.extension.value[x]","","","",0,0,"","","","base64Binary {[]} {[]}
boolean {[]} {[]}canonical {[]} {[]}code {[]} {[]}date {[]} {[]}dateTime {[]} {[]}decimal {[]} {[]}id {[]} {[]}instant {[]} {[]}integer {[]} {[]}markdown {[]} {[]}oid {[]} {[]}positiveInt {[]} {[]}string {[]} {[]}time {[]} {[]}unsignedInt {[]} {[]}uri {[]} {[]}url {[]} {[]}uuid {[]} {[]}Address {[]} {[]}Age {[]} {[]}Annotation {[]} {[]}Attachment {[]} {[]}CodeableConcept {[]} {[]}Coding {[]} {[]}ContactPoint {[]} {[]}Count {[]} {[]}Distance {[]} {[]}Duration {[]} {[]}HumanName {[]} {[]}Identifier {[]} {[]}Money {[]} {[]}Period {[]} {[]}Quantity {[]} {[]}Range {[]} {[]}Ratio {[]} {[]}Reference {[]} {[]}SampledData {[]} {[]}Signature {[]} {[]}Timing {[]} {[]}ContactDetail {[]} {[]}Contributor {[]} {[]}DataRequirement {[]} {[]}Expression {[]} {[]}ParameterDefinition {[]} {[]}RelatedArtifact {[]} {[]}TriggerDefinition {[]} {[]}UsageContext {[]} {[]}Dosage {[]} {[]}Meta {[]} {[]}","Value of extension","Value of extension - must be one of a constrained set of the data types (see [Extensibility](http://hl7.org/fhir/R4/extensibility.html) for a list).","","","","","","","","","",,,,,"",,,,"Extension.value[x]",0,1,"","ele-1:All FHIR elements must have a @value or children {hasValue() or (children().count() > id.count())}
","N/A"
"Extension.extension:modelCharacteristic.extension:attributeEstimate","Extension.extension.extension","attributeEstimate","","",0,*,"","","","Extension {[]} {[]}
","R5: An attribute of the statistic used as a model characteristic (new)","R5: `Evidence.statistic.modelCharacteristic.attributeEstimate` (new:Evidence.statistic.attributeEstimate)","Element `Evidence.statistic.modelCharacteristic.attributeEstimate` is part of an existing definition because parent element `Evidence.statistic.modelCharacteristic` requires a cross-version extension.
Element `Evidence.statistic.modelCharacteristic.attributeEstimate` has a context of Evidence based on following the parent source element upwards and mapping to `Evidence`.
Element `Evidence.statistic.modelCharacteristic.attributeEstimate` has no mapping targets in FHIR R4. Typically, this is because the element has been added (is a new element).","Element `Evidence.statistic.modelCharacteristic.attributeEstimate` is part of an existing definition because parent element `Evidence.statistic.modelCharacteristic` requires a cross-version extension.
Element `Evidence.statistic.modelCharacteristic.attributeEstimate` has a context of Evidence based on following the parent source element upwards and mapping to `Evidence`.
Element `Evidence.statistic.modelCharacteristic.attributeEstimate` has no mapping targets in FHIR R4. Typically, this is because the element has been added (is a new element).","","","","","","","",,,,,"",,,,"Element.extension",0,*,"","ele-1:All FHIR elements must have a @value or children {hasValue() or (children().count() > id.count())}
ext-1:Must have either extensions or value[x], not both {extension.exists() != value.exists()}"
"Extension.extension:modelCharacteristic.extension:attributeEstimate.id","Extension.extension.extension.id","","","",0,1,"","","","string {[]} {[]}
","Unique id for inter-element referencing","Unique id for the element within a resource (for internal references). This may be any string value that does not contain spaces.","","","","","","","","","",,,,,"",,,,"Element.id",0,1,"","","n/a"
"Extension.extension:modelCharacteristic.extension:attributeEstimate.extension","Extension.extension.extension.extension","","extensions
user content","",0,*,"","","","Extension {[]} {[]}
","Additional content defined by implementations","May be used to represent additional information that is not part of the basic definition of the element. To make the use of extensions safe and manageable, there is a strict set of governance  applied to the definition and use of extensions. Though any implementer can define an extension, there is a set of requirements that SHALL be met as part of the definition of the extension.","There can be no stigma associated with the use of extensions by any application, project, or standard - regardless of the institution or jurisdiction that uses or defines the extensions.  The use of extensions is what allows the FHIR specification to retain a core level of simplicity for everyone.","","","","","","","","",,,,,"","value:url}
","Extensions are always sliced by (at least) url",,"open","Element.extension",0,*,"","ele-1:All FHIR elements must have a @value or children {hasValue() or (children().count() > id.count())}
ext-1:Must have either extensions or value[x], not both {extension.exists() != value.exists()}","n/a"
"Extension.extension:modelCharacteristic.extension:attributeEstimate.url","Extension.extension.extension.url","","","",1,1,"","","","uri {[]} {[]}
","identifies the meaning of the extension","Source of the definition for the extension code - a logical name or a URL.","The definition may point directly to a computable or human-readable definition of the extensibility codes, or it may be a logical URI as declared in some other specification. The definition SHALL be a URI for the Structure Definition defining the extension.","","","","<valueUri xmlns=""http://hl7.org/fhir"" value=""http://hl7.org/fhir/5.0/StructureDefinition/extension-Evidence.statistic.attributeEstimate""/>","","","","",,,,,"",,,,"Extension.url",1,1,"","","N/A"
"Extension.extension:modelCharacteristic.extension:attributeEstimate.value[x]","Extension.extension.extension.value[x]","","","",0,0,"","","","base64Binary {[]} {[]}
boolean {[]} {[]}canonical {[]} {[]}code {[]} {[]}date {[]} {[]}dateTime {[]} {[]}decimal {[]} {[]}id {[]} {[]}instant {[]} {[]}integer {[]} {[]}markdown {[]} {[]}oid {[]} {[]}positiveInt {[]} {[]}string {[]} {[]}time {[]} {[]}unsignedInt {[]} {[]}uri {[]} {[]}url {[]} {[]}uuid {[]} {[]}Address {[]} {[]}Age {[]} {[]}Annotation {[]} {[]}Attachment {[]} {[]}CodeableConcept {[]} {[]}Coding {[]} {[]}ContactPoint {[]} {[]}Count {[]} {[]}Distance {[]} {[]}Duration {[]} {[]}HumanName {[]} {[]}Identifier {[]} {[]}Money {[]} {[]}Period {[]} {[]}Quantity {[]} {[]}Range {[]} {[]}Ratio {[]} {[]}Reference {[]} {[]}SampledData {[]} {[]}Signature {[]} {[]}Timing {[]} {[]}ContactDetail {[]} {[]}Contributor {[]} {[]}DataRequirement {[]} {[]}Expression {[]} {[]}ParameterDefinition {[]} {[]}RelatedArtifact {[]} {[]}TriggerDefinition {[]} {[]}UsageContext {[]} {[]}Dosage {[]} {[]}Meta {[]} {[]}","Value of extension","Value of extension - must be one of a constrained set of the data types (see [Extensibility](http://hl7.org/fhir/R4/extensibility.html) for a list).","","","","","","","","","",,,,,"",,,,"Extension.value[x]",0,1,"","ele-1:All FHIR elements must have a @value or children {hasValue() or (children().count() > id.count())}
","N/A"
"Extension.extension:modelCharacteristic.url","Extension.extension.url","","","",1,1,"","","","uri {[]} {[]}
","identifies the meaning of the extension","Source of the definition for the extension code - a logical name or a URL.","The definition may point directly to a computable or human-readable definition of the extensibility codes, or it may be a logical URI as declared in some other specification. The definition SHALL be a URI for the Structure Definition defining the extension.","","","","<valueUri xmlns=""http://hl7.org/fhir"" value=""modelCharacteristic""/>","","","","",,,,,"",,,,"Extension.url",1,1,"","","N/A"
"Extension.extension:modelCharacteristic.value[x]","Extension.extension.value[x]","","","",0,0,"","","","base64Binary {[]} {[]}
boolean {[]} {[]}canonical {[]} {[]}code {[]} {[]}date {[]} {[]}dateTime {[]} {[]}decimal {[]} {[]}id {[]} {[]}instant {[]} {[]}integer {[]} {[]}markdown {[]} {[]}oid {[]} {[]}positiveInt {[]} {[]}string {[]} {[]}time {[]} {[]}unsignedInt {[]} {[]}uri {[]} {[]}url {[]} {[]}uuid {[]} {[]}Address {[]} {[]}Age {[]} {[]}Annotation {[]} {[]}Attachment {[]} {[]}CodeableConcept {[]} {[]}Coding {[]} {[]}ContactPoint {[]} {[]}Count {[]} {[]}Distance {[]} {[]}Duration {[]} {[]}HumanName {[]} {[]}Identifier {[]} {[]}Money {[]} {[]}Period {[]} {[]}Quantity {[]} {[]}Range {[]} {[]}Ratio {[]} {[]}Reference {[]} {[]}SampledData {[]} {[]}Signature {[]} {[]}Timing {[]} {[]}ContactDetail {[]} {[]}Contributor {[]} {[]}DataRequirement {[]} {[]}Expression {[]} {[]}ParameterDefinition {[]} {[]}RelatedArtifact {[]} {[]}TriggerDefinition {[]} {[]}UsageContext {[]} {[]}Dosage {[]} {[]}Meta {[]} {[]}","Value of extension","Value of extension - must be one of a constrained set of the data types (see [Extensibility](http://hl7.org/fhir/R4/extensibility.html) for a list).","","","","","","","","","",,,,,"",,,,"Extension.value[x]",0,1,"","ele-1:All FHIR elements must have a @value or children {hasValue() or (children().count() > id.count())}
","N/A"
"Extension.url","Extension.url","","","",1,1,"","","","uri {[]} {[]}
","identifies the meaning of the extension","Source of the definition for the extension code - a logical name or a URL.","The definition may point directly to a computable or human-readable definition of the extensibility codes, or it may be a logical URI as declared in some other specification. The definition SHALL be a URI for the Structure Definition defining the extension.","","","","<valueUri xmlns=""http://hl7.org/fhir"" value=""http://hl7.org/fhir/5.0/StructureDefinition/extension-Evidence.statistic""/>","","","","",,,,,"",,,,"Extension.url",1,1,"","","N/A"
"Extension.value[x]","Extension.value[x]","","","",0,0,"","","","base64Binary {[]} {[]}
boolean {[]} {[]}canonical {[]} {[]}code {[]} {[]}date {[]} {[]}dateTime {[]} {[]}decimal {[]} {[]}id {[]} {[]}instant {[]} {[]}integer {[]} {[]}markdown {[]} {[]}oid {[]} {[]}positiveInt {[]} {[]}string {[]} {[]}time {[]} {[]}unsignedInt {[]} {[]}uri {[]} {[]}url {[]} {[]}uuid {[]} {[]}Address {[]} {[]}Age {[]} {[]}Annotation {[]} {[]}Attachment {[]} {[]}CodeableConcept {[]} {[]}Coding {[]} {[]}ContactPoint {[]} {[]}Count {[]} {[]}Distance {[]} {[]}Duration {[]} {[]}HumanName {[]} {[]}Identifier {[]} {[]}Money {[]} {[]}Period {[]} {[]}Quantity {[]} {[]}Range {[]} {[]}Ratio {[]} {[]}Reference {[]} {[]}SampledData {[]} {[]}Signature {[]} {[]}Timing {[]} {[]}ContactDetail {[]} {[]}Contributor {[]} {[]}DataRequirement {[]} {[]}Expression {[]} {[]}ParameterDefinition {[]} {[]}RelatedArtifact {[]} {[]}TriggerDefinition {[]} {[]}UsageContext {[]} {[]}Dosage {[]} {[]}Meta {[]} {[]}","Value of extension","Value of extension - must be one of a constrained set of the data types (see [Extensibility](http://hl7.org/fhir/R4/extensibility.html) for a list).","","","","","","","","","",,,,,"",,,,"Extension.value[x]",0,1,"","ele-1:All FHIR elements must have a @value or children {hasValue() or (children().count() > id.count())}
","N/A"
