"Id","Path","Slice Name","Alias(s)","Label","Min","Max","Must Support?","Is Modifier?","Is Summary?","Type(s)","Short","Definition","Comments","Requirements","Default Value","Meaning When Missing","Fixed Value","Pattern","Example","Minimum Value","Maximum Value","Maximum Length","Binding Strength","Binding Description","Binding Value Set","Code","Slicing Discriminator","Slicing Description","Slicing Ordered","Slicing Rules","Base Path","Base Min","Base Max","Condition(s)","Constraint(s)","Mapping: RIM Mapping"
"Extension","Extension","","","",0,*,"","","","null {[]} {[]}
","R5: Genomic Analysis Event (new)","R5: `GenomicStudy.analysis` (new:BackboneElement)","Element `GenomicStudy.analysis` is not mapped to FHIR R4, since FHIR R5 `GenomicStudy` is not mapped.
Element `GenomicStudy.analysis` has no mapping targets in FHIR R4. Typically, this is because the element has been added (is a new element).","","","","","","","","",,,,,"",,,,"Extension",0,*,"ele-1
","ele-1:All FHIR elements must have a @value or children {hasValue() or (children().count() > id.count())}
ext-1:Must have either extensions or value[x], not both {extension.exists() != value.exists()}"
"Extension.id","Extension.id","","","",0,1,"","","","string {[]} {[]}
","Unique id for inter-element referencing","Unique id for the element within a resource (for internal references). This may be any string value that does not contain spaces.","","","","","","","","","",,,,,"",,,,"Element.id",0,1,"","","n/a"
"Extension.extension","Extension.extension","","","",0,*,"","","","Extension {[]} {[]}
","Extension","An Extension","","","","","","","","","",,,,,"","value:url}
","Extensions are always sliced by (at least) url",,"open","Element.extension",0,*,"","ele-1:All FHIR elements must have a @value or children {hasValue() or (children().count() > id.count())}
ext-1:Must have either extensions or value[x], not both {extension.exists() != value.exists()}"
"Extension.extension:identifier","Extension.extension","identifier","","",0,*,"","","","Extension {[]} {[]}
","R5: Identifiers for the analysis event (new)","R5: `GenomicStudy.analysis.identifier` (new:Identifier)","Element `GenomicStudy.analysis.identifier` is part of an existing definition because parent element `GenomicStudy.analysis` requires a cross-version extension.
Element `GenomicStudy.analysis.identifier` is not mapped to FHIR R4, since FHIR R5 `GenomicStudy` is not mapped.
Element `GenomicStudy.analysis.identifier` has no mapping targets in FHIR R4. Typically, this is because the element has been added (is a new element).","Element `GenomicStudy.analysis.identifier` is part of an existing definition because parent element `GenomicStudy.analysis` requires a cross-version extension.
Element `GenomicStudy.analysis.identifier` is not mapped to FHIR R4, since FHIR R5 `GenomicStudy` is not mapped.
Element `GenomicStudy.analysis.identifier` has no mapping targets in FHIR R4. Typically, this is because the element has been added (is a new element).","","","","","","","",,,,,"",,,,"Element.extension",0,*,"","ele-1:All FHIR elements must have a @value or children {hasValue() or (children().count() > id.count())}
ext-1:Must have either extensions or value[x], not both {extension.exists() != value.exists()}"
"Extension.extension:identifier.id","Extension.extension.id","","","",0,1,"","","","string {[]} {[]}
","Unique id for inter-element referencing","Unique id for the element within a resource (for internal references). This may be any string value that does not contain spaces.","","","","","","","","","",,,,,"",,,,"Element.id",0,1,"","","n/a"
"Extension.extension:identifier.extension","Extension.extension.extension","","extensions
user content","",0,*,"","","","Extension {[]} {[]}
","Additional content defined by implementations","May be used to represent additional information that is not part of the basic definition of the element. To make the use of extensions safe and manageable, there is a strict set of governance  applied to the definition and use of extensions. Though any implementer can define an extension, there is a set of requirements that SHALL be met as part of the definition of the extension.","There can be no stigma associated with the use of extensions by any application, project, or standard - regardless of the institution or jurisdiction that uses or defines the extensions.  The use of extensions is what allows the FHIR specification to retain a core level of simplicity for everyone.","","","","","","","","",,,,,"","value:url}
","Extensions are always sliced by (at least) url",,"open","Element.extension",0,*,"","ele-1:All FHIR elements must have a @value or children {hasValue() or (children().count() > id.count())}
ext-1:Must have either extensions or value[x], not both {extension.exists() != value.exists()}","n/a"
"Extension.extension:identifier.url","Extension.extension.url","","","",1,1,"","","","uri {[]} {[]}
","identifies the meaning of the extension","Source of the definition for the extension code - a logical name or a URL.","The definition may point directly to a computable or human-readable definition of the extensibility codes, or it may be a logical URI as declared in some other specification. The definition SHALL be a URI for the Structure Definition defining the extension.","","","","<valueUri xmlns=""http://hl7.org/fhir"" value=""identifier""/>","","","","",,,,,"",,,,"Extension.url",1,1,"","","N/A"
"Extension.extension:identifier.value[x]","Extension.extension.value[x]","","","",0,1,"","","","Identifier {[]} {[]}
","Identifiers for the analysis event","Identifiers for the analysis event.","","","","","","","","","",,,,,"",,,,"Extension.value[x]",0,1,"","ele-1:All FHIR elements must have a @value or children {hasValue() or (children().count() > id.count())}
","N/A"
"Extension.extension:methodType","Extension.extension","methodType","","",0,*,"","","","Extension {[]} {[]}
","R5: Type of the methods used in the analysis (e.g., FISH, Karyotyping, MSI) (new)","R5: `GenomicStudy.analysis.methodType` (new:CodeableConcept)","Element `GenomicStudy.analysis.methodType` is part of an existing definition because parent element `GenomicStudy.analysis` requires a cross-version extension.
Element `GenomicStudy.analysis.methodType` is not mapped to FHIR R4, since FHIR R5 `GenomicStudy` is not mapped.
Element `GenomicStudy.analysis.methodType` has no mapping targets in FHIR R4. Typically, this is because the element has been added (is a new element).","Element `GenomicStudy.analysis.methodType` is part of an existing definition because parent element `GenomicStudy.analysis` requires a cross-version extension.
Element `GenomicStudy.analysis.methodType` is not mapped to FHIR R4, since FHIR R5 `GenomicStudy` is not mapped.
Element `GenomicStudy.analysis.methodType` has no mapping targets in FHIR R4. Typically, this is because the element has been added (is a new element).","","","","","","","",,,,,"",,,,"Element.extension",0,*,"","ele-1:All FHIR elements must have a @value or children {hasValue() or (children().count() > id.count())}
ext-1:Must have either extensions or value[x], not both {extension.exists() != value.exists()}"
"Extension.extension:methodType.id","Extension.extension.id","","","",0,1,"","","","string {[]} {[]}
","Unique id for inter-element referencing","Unique id for the element within a resource (for internal references). This may be any string value that does not contain spaces.","","","","","","","","","",,,,,"",,,,"Element.id",0,1,"","","n/a"
"Extension.extension:methodType.extension","Extension.extension.extension","","extensions
user content","",0,*,"","","","Extension {[]} {[]}
","Additional content defined by implementations","May be used to represent additional information that is not part of the basic definition of the element. To make the use of extensions safe and manageable, there is a strict set of governance  applied to the definition and use of extensions. Though any implementer can define an extension, there is a set of requirements that SHALL be met as part of the definition of the extension.","There can be no stigma associated with the use of extensions by any application, project, or standard - regardless of the institution or jurisdiction that uses or defines the extensions.  The use of extensions is what allows the FHIR specification to retain a core level of simplicity for everyone.","","","","","","","","",,,,,"","value:url}
","Extensions are always sliced by (at least) url",,"open","Element.extension",0,*,"","ele-1:All FHIR elements must have a @value or children {hasValue() or (children().count() > id.count())}
ext-1:Must have either extensions or value[x], not both {extension.exists() != value.exists()}","n/a"
"Extension.extension:methodType.url","Extension.extension.url","","","",1,1,"","","","uri {[]} {[]}
","identifies the meaning of the extension","Source of the definition for the extension code - a logical name or a URL.","The definition may point directly to a computable or human-readable definition of the extensibility codes, or it may be a logical URI as declared in some other specification. The definition SHALL be a URI for the Structure Definition defining the extension.","","","","<valueUri xmlns=""http://hl7.org/fhir"" value=""methodType""/>","","","","",,,,,"",,,,"Extension.url",1,1,"","","N/A"
"Extension.extension:methodType.value[x]","Extension.extension.value[x]","","","",0,1,"","","","CodeableConcept {[]} {[]}
","Type of the methods used in the analysis (e.g., FISH, Karyotyping, MSI)","Type of the methods used in the analysis, e.g., Fluorescence in situ hybridization (FISH), Karyotyping, or Microsatellite instability testing (MSI).","","","","","","","","","",,"example","The method type of the GenomicStudy analysis.","http://hl7.org/fhir/uv/xver/ValueSet/R5-genomicstudy-methodtype-for-R4|0.1.0","",,,,"Extension.value[x]",0,1,"","ele-1:All FHIR elements must have a @value or children {hasValue() or (children().count() > id.count())}
","N/A"
"Extension.extension:changeType","Extension.extension","changeType","","",0,*,"","","","Extension {[]} {[]}
","R5: Type of the genomic changes studied in the analysis (e.g., DNA, RNA, or AA change) (new)","R5: `GenomicStudy.analysis.changeType` (new:CodeableConcept)","Element `GenomicStudy.analysis.changeType` is part of an existing definition because parent element `GenomicStudy.analysis` requires a cross-version extension.
Element `GenomicStudy.analysis.changeType` is not mapped to FHIR R4, since FHIR R5 `GenomicStudy` is not mapped.
Element `GenomicStudy.analysis.changeType` has no mapping targets in FHIR R4. Typically, this is because the element has been added (is a new element).","Element `GenomicStudy.analysis.changeType` is part of an existing definition because parent element `GenomicStudy.analysis` requires a cross-version extension.
Element `GenomicStudy.analysis.changeType` is not mapped to FHIR R4, since FHIR R5 `GenomicStudy` is not mapped.
Element `GenomicStudy.analysis.changeType` has no mapping targets in FHIR R4. Typically, this is because the element has been added (is a new element).","","","","","","","",,,,,"",,,,"Element.extension",0,*,"","ele-1:All FHIR elements must have a @value or children {hasValue() or (children().count() > id.count())}
ext-1:Must have either extensions or value[x], not both {extension.exists() != value.exists()}"
"Extension.extension:changeType.id","Extension.extension.id","","","",0,1,"","","","string {[]} {[]}
","Unique id for inter-element referencing","Unique id for the element within a resource (for internal references). This may be any string value that does not contain spaces.","","","","","","","","","",,,,,"",,,,"Element.id",0,1,"","","n/a"
"Extension.extension:changeType.extension","Extension.extension.extension","","extensions
user content","",0,*,"","","","Extension {[]} {[]}
","Additional content defined by implementations","May be used to represent additional information that is not part of the basic definition of the element. To make the use of extensions safe and manageable, there is a strict set of governance  applied to the definition and use of extensions. Though any implementer can define an extension, there is a set of requirements that SHALL be met as part of the definition of the extension.","There can be no stigma associated with the use of extensions by any application, project, or standard - regardless of the institution or jurisdiction that uses or defines the extensions.  The use of extensions is what allows the FHIR specification to retain a core level of simplicity for everyone.","","","","","","","","",,,,,"","value:url}
","Extensions are always sliced by (at least) url",,"open","Element.extension",0,*,"","ele-1:All FHIR elements must have a @value or children {hasValue() or (children().count() > id.count())}
ext-1:Must have either extensions or value[x], not both {extension.exists() != value.exists()}","n/a"
"Extension.extension:changeType.url","Extension.extension.url","","","",1,1,"","","","uri {[]} {[]}
","identifies the meaning of the extension","Source of the definition for the extension code - a logical name or a URL.","The definition may point directly to a computable or human-readable definition of the extensibility codes, or it may be a logical URI as declared in some other specification. The definition SHALL be a URI for the Structure Definition defining the extension.","","","","<valueUri xmlns=""http://hl7.org/fhir"" value=""changeType""/>","","","","",,,,,"",,,,"Extension.url",1,1,"","","N/A"
"Extension.extension:changeType.value[x]","Extension.extension.value[x]","","","",0,1,"","","","CodeableConcept {[]} {[]}
","Type of the genomic changes studied in the analysis (e.g., DNA, RNA, or AA change)","Type of the genomic changes studied in the analysis, e.g., DNA, RNA, or amino acid change.","","","","","","","","","",,"example","The change type relevant to GenomicStudy analysis.","http://hl7.org/fhir/uv/xver/ValueSet/R5-genomicstudy-changetype-for-R4|0.1.0","",,,,"Extension.value[x]",0,1,"","ele-1:All FHIR elements must have a @value or children {hasValue() or (children().count() > id.count())}
","N/A"
"Extension.extension:genomeBuild","Extension.extension","genomeBuild","","",0,1,"","","","Extension {[]} {[]}
","R5: Genome build that is used in this analysis (new)","R5: `GenomicStudy.analysis.genomeBuild` (new:CodeableConcept)","Element `GenomicStudy.analysis.genomeBuild` is part of an existing definition because parent element `GenomicStudy.analysis` requires a cross-version extension.
Element `GenomicStudy.analysis.genomeBuild` is not mapped to FHIR R4, since FHIR R5 `GenomicStudy` is not mapped.
Element `GenomicStudy.analysis.genomeBuild` has no mapping targets in FHIR R4. Typically, this is because the element has been added (is a new element).","Element `GenomicStudy.analysis.genomeBuild` is part of an existing definition because parent element `GenomicStudy.analysis` requires a cross-version extension.
Element `GenomicStudy.analysis.genomeBuild` is not mapped to FHIR R4, since FHIR R5 `GenomicStudy` is not mapped.
Element `GenomicStudy.analysis.genomeBuild` has no mapping targets in FHIR R4. Typically, this is because the element has been added (is a new element).","","","","","","","",,,,,"",,,,"Element.extension",0,*,"","ele-1:All FHIR elements must have a @value or children {hasValue() or (children().count() > id.count())}
ext-1:Must have either extensions or value[x], not both {extension.exists() != value.exists()}"
"Extension.extension:genomeBuild.id","Extension.extension.id","","","",0,1,"","","","string {[]} {[]}
","Unique id for inter-element referencing","Unique id for the element within a resource (for internal references). This may be any string value that does not contain spaces.","","","","","","","","","",,,,,"",,,,"Element.id",0,1,"","","n/a"
"Extension.extension:genomeBuild.extension","Extension.extension.extension","","extensions
user content","",0,*,"","","","Extension {[]} {[]}
","Additional content defined by implementations","May be used to represent additional information that is not part of the basic definition of the element. To make the use of extensions safe and manageable, there is a strict set of governance  applied to the definition and use of extensions. Though any implementer can define an extension, there is a set of requirements that SHALL be met as part of the definition of the extension.","There can be no stigma associated with the use of extensions by any application, project, or standard - regardless of the institution or jurisdiction that uses or defines the extensions.  The use of extensions is what allows the FHIR specification to retain a core level of simplicity for everyone.","","","","","","","","",,,,,"","value:url}
","Extensions are always sliced by (at least) url",,"open","Element.extension",0,*,"","ele-1:All FHIR elements must have a @value or children {hasValue() or (children().count() > id.count())}
ext-1:Must have either extensions or value[x], not both {extension.exists() != value.exists()}","n/a"
"Extension.extension:genomeBuild.url","Extension.extension.url","","","",1,1,"","","","uri {[]} {[]}
","identifies the meaning of the extension","Source of the definition for the extension code - a logical name or a URL.","The definition may point directly to a computable or human-readable definition of the extensibility codes, or it may be a logical URI as declared in some other specification. The definition SHALL be a URI for the Structure Definition defining the extension.","","","","<valueUri xmlns=""http://hl7.org/fhir"" value=""genomeBuild""/>","","","","",,,,,"",,,,"Extension.url",1,1,"","","N/A"
"Extension.extension:genomeBuild.value[x]","Extension.extension.value[x]","","","",0,1,"","","","CodeableConcept {[]} {[]}
","Genome build that is used in this analysis","The reference genome build that is used in this analysis.","","","","","","","","","",,,,,"",,,,"Extension.value[x]",0,1,"","ele-1:All FHIR elements must have a @value or children {hasValue() or (children().count() > id.count())}
","N/A"
"Extension.extension:instantiatesCanonical","Extension.extension","instantiatesCanonical","","",0,1,"","","","Extension {[]} {[]}
","R5: The defined protocol that describes the analysis (new)","R5: `GenomicStudy.analysis.instantiatesCanonical` (new:canonical(PlanDefinition,ActivityDefinition))","Element `GenomicStudy.analysis.instantiatesCanonical` is part of an existing definition because parent element `GenomicStudy.analysis` requires a cross-version extension.
Element `GenomicStudy.analysis.instantiatesCanonical` is not mapped to FHIR R4, since FHIR R5 `GenomicStudy` is not mapped.
Element `GenomicStudy.analysis.instantiatesCanonical` has no mapping targets in FHIR R4. Typically, this is because the element has been added (is a new element).","Element `GenomicStudy.analysis.instantiatesCanonical` is part of an existing definition because parent element `GenomicStudy.analysis` requires a cross-version extension.
Element `GenomicStudy.analysis.instantiatesCanonical` is not mapped to FHIR R4, since FHIR R5 `GenomicStudy` is not mapped.
Element `GenomicStudy.analysis.instantiatesCanonical` has no mapping targets in FHIR R4. Typically, this is because the element has been added (is a new element).","","","","","","","",,,,,"",,,,"Element.extension",0,*,"","ele-1:All FHIR elements must have a @value or children {hasValue() or (children().count() > id.count())}
ext-1:Must have either extensions or value[x], not both {extension.exists() != value.exists()}"
"Extension.extension:instantiatesCanonical.id","Extension.extension.id","","","",0,1,"","","","string {[]} {[]}
","Unique id for inter-element referencing","Unique id for the element within a resource (for internal references). This may be any string value that does not contain spaces.","","","","","","","","","",,,,,"",,,,"Element.id",0,1,"","","n/a"
"Extension.extension:instantiatesCanonical.extension","Extension.extension.extension","","extensions
user content","",0,*,"","","","Extension {[]} {[]}
","Additional content defined by implementations","May be used to represent additional information that is not part of the basic definition of the element. To make the use of extensions safe and manageable, there is a strict set of governance  applied to the definition and use of extensions. Though any implementer can define an extension, there is a set of requirements that SHALL be met as part of the definition of the extension.","There can be no stigma associated with the use of extensions by any application, project, or standard - regardless of the institution or jurisdiction that uses or defines the extensions.  The use of extensions is what allows the FHIR specification to retain a core level of simplicity for everyone.","","","","","","","","",,,,,"","value:url}
","Extensions are always sliced by (at least) url",,"open","Element.extension",0,*,"","ele-1:All FHIR elements must have a @value or children {hasValue() or (children().count() > id.count())}
ext-1:Must have either extensions or value[x], not both {extension.exists() != value.exists()}","n/a"
"Extension.extension:instantiatesCanonical.url","Extension.extension.url","","","",1,1,"","","","uri {[]} {[]}
","identifies the meaning of the extension","Source of the definition for the extension code - a logical name or a URL.","The definition may point directly to a computable or human-readable definition of the extensibility codes, or it may be a logical URI as declared in some other specification. The definition SHALL be a URI for the Structure Definition defining the extension.","","","","<valueUri xmlns=""http://hl7.org/fhir"" value=""instantiatesCanonical""/>","","","","",,,,,"",,,,"Extension.url",1,1,"","","N/A"
"Extension.extension:instantiatesCanonical.value[x]","Extension.extension.value[x]","","","",0,1,"","","","canonical {[]} {[CanonicalType[http://hl7.org/fhir/5.0/StructureDefinition/profile-PlanDefinition|0.1.0], CanonicalType[http://hl7.org/fhir/StructureDefinition/PlanDefinition|4.0.1], CanonicalType[http://hl7.org/fhir/5.0/StructureDefinition/profile-ActivityDefinition|0.1.0], CanonicalType[http://hl7.org/fhir/StructureDefinition/ActivityDefinition|4.0.1]]}
","The defined protocol that describes the analysis","The defined protocol that describes the analysis.","","","","","","","","","",,,,,"",,,,"Extension.value[x]",0,1,"","ele-1:All FHIR elements must have a @value or children {hasValue() or (children().count() > id.count())}
","N/A"
"Extension.extension:instantiatesUri","Extension.extension","instantiatesUri","","",0,1,"","","","Extension {[]} {[]}
","R5: The URL pointing to an externally maintained protocol that describes the analysis (new)","R5: `GenomicStudy.analysis.instantiatesUri` (new:uri)","Element `GenomicStudy.analysis.instantiatesUri` is part of an existing definition because parent element `GenomicStudy.analysis` requires a cross-version extension.
Element `GenomicStudy.analysis.instantiatesUri` is not mapped to FHIR R4, since FHIR R5 `GenomicStudy` is not mapped.
Element `GenomicStudy.analysis.instantiatesUri` has no mapping targets in FHIR R4. Typically, this is because the element has been added (is a new element).","Element `GenomicStudy.analysis.instantiatesUri` is part of an existing definition because parent element `GenomicStudy.analysis` requires a cross-version extension.
Element `GenomicStudy.analysis.instantiatesUri` is not mapped to FHIR R4, since FHIR R5 `GenomicStudy` is not mapped.
Element `GenomicStudy.analysis.instantiatesUri` has no mapping targets in FHIR R4. Typically, this is because the element has been added (is a new element).","","","","","","","",,,,,"",,,,"Element.extension",0,*,"","ele-1:All FHIR elements must have a @value or children {hasValue() or (children().count() > id.count())}
ext-1:Must have either extensions or value[x], not both {extension.exists() != value.exists()}"
"Extension.extension:instantiatesUri.id","Extension.extension.id","","","",0,1,"","","","string {[]} {[]}
","Unique id for inter-element referencing","Unique id for the element within a resource (for internal references). This may be any string value that does not contain spaces.","","","","","","","","","",,,,,"",,,,"Element.id",0,1,"","","n/a"
"Extension.extension:instantiatesUri.extension","Extension.extension.extension","","extensions
user content","",0,*,"","","","Extension {[]} {[]}
","Additional content defined by implementations","May be used to represent additional information that is not part of the basic definition of the element. To make the use of extensions safe and manageable, there is a strict set of governance  applied to the definition and use of extensions. Though any implementer can define an extension, there is a set of requirements that SHALL be met as part of the definition of the extension.","There can be no stigma associated with the use of extensions by any application, project, or standard - regardless of the institution or jurisdiction that uses or defines the extensions.  The use of extensions is what allows the FHIR specification to retain a core level of simplicity for everyone.","","","","","","","","",,,,,"","value:url}
","Extensions are always sliced by (at least) url",,"open","Element.extension",0,*,"","ele-1:All FHIR elements must have a @value or children {hasValue() or (children().count() > id.count())}
ext-1:Must have either extensions or value[x], not both {extension.exists() != value.exists()}","n/a"
"Extension.extension:instantiatesUri.url","Extension.extension.url","","","",1,1,"","","","uri {[]} {[]}
","identifies the meaning of the extension","Source of the definition for the extension code - a logical name or a URL.","The definition may point directly to a computable or human-readable definition of the extensibility codes, or it may be a logical URI as declared in some other specification. The definition SHALL be a URI for the Structure Definition defining the extension.","","","","<valueUri xmlns=""http://hl7.org/fhir"" value=""instantiatesUri""/>","","","","",,,,,"",,,,"Extension.url",1,1,"","","N/A"
"Extension.extension:instantiatesUri.value[x]","Extension.extension.value[x]","","","",0,1,"","","","uri {[]} {[]}
","The URL pointing to an externally maintained protocol that describes the analysis","The URL pointing to an externally maintained protocol that describes the analysis.","","","","","","","","","",,,,,"",,,,"Extension.value[x]",0,1,"","ele-1:All FHIR elements must have a @value or children {hasValue() or (children().count() > id.count())}
","N/A"
"Extension.extension:title","Extension.extension","title","","",0,1,"","","","Extension {[]} {[]}
","R5: Name of the analysis event (human friendly) (new)","R5: `GenomicStudy.analysis.title` (new:string)","Element `GenomicStudy.analysis.title` is part of an existing definition because parent element `GenomicStudy.analysis` requires a cross-version extension.
Element `GenomicStudy.analysis.title` is not mapped to FHIR R4, since FHIR R5 `GenomicStudy` is not mapped.
Element `GenomicStudy.analysis.title` has no mapping targets in FHIR R4. Typically, this is because the element has been added (is a new element).","Element `GenomicStudy.analysis.title` is part of an existing definition because parent element `GenomicStudy.analysis` requires a cross-version extension.
Element `GenomicStudy.analysis.title` is not mapped to FHIR R4, since FHIR R5 `GenomicStudy` is not mapped.
Element `GenomicStudy.analysis.title` has no mapping targets in FHIR R4. Typically, this is because the element has been added (is a new element).","","","","","","","",,,,,"",,,,"Element.extension",0,*,"","ele-1:All FHIR elements must have a @value or children {hasValue() or (children().count() > id.count())}
ext-1:Must have either extensions or value[x], not both {extension.exists() != value.exists()}"
"Extension.extension:title.id","Extension.extension.id","","","",0,1,"","","","string {[]} {[]}
","Unique id for inter-element referencing","Unique id for the element within a resource (for internal references). This may be any string value that does not contain spaces.","","","","","","","","","",,,,,"",,,,"Element.id",0,1,"","","n/a"
"Extension.extension:title.extension","Extension.extension.extension","","extensions
user content","",0,*,"","","","Extension {[]} {[]}
","Additional content defined by implementations","May be used to represent additional information that is not part of the basic definition of the element. To make the use of extensions safe and manageable, there is a strict set of governance  applied to the definition and use of extensions. Though any implementer can define an extension, there is a set of requirements that SHALL be met as part of the definition of the extension.","There can be no stigma associated with the use of extensions by any application, project, or standard - regardless of the institution or jurisdiction that uses or defines the extensions.  The use of extensions is what allows the FHIR specification to retain a core level of simplicity for everyone.","","","","","","","","",,,,,"","value:url}
","Extensions are always sliced by (at least) url",,"open","Element.extension",0,*,"","ele-1:All FHIR elements must have a @value or children {hasValue() or (children().count() > id.count())}
ext-1:Must have either extensions or value[x], not both {extension.exists() != value.exists()}","n/a"
"Extension.extension:title.url","Extension.extension.url","","","",1,1,"","","","uri {[]} {[]}
","identifies the meaning of the extension","Source of the definition for the extension code - a logical name or a URL.","The definition may point directly to a computable or human-readable definition of the extensibility codes, or it may be a logical URI as declared in some other specification. The definition SHALL be a URI for the Structure Definition defining the extension.","","","","<valueUri xmlns=""http://hl7.org/fhir"" value=""title""/>","","","","",,,,,"",,,,"Extension.url",1,1,"","","N/A"
"Extension.extension:title.value[x]","Extension.extension.value[x]","","","",0,1,"","","","string {[]} {[]}
","Name of the analysis event (human friendly)","Name of the analysis event (human friendly).","","","","","","","","","",,,,,"",,,,"Extension.value[x]",0,1,"","ele-1:All FHIR elements must have a @value or children {hasValue() or (children().count() > id.count())}
","N/A"
"Extension.extension:focus","Extension.extension","focus","","",0,*,"","","","Extension {[]} {[]}
","R5: What the genomic analysis is about, when it is not about the subject of record (new)","R5: `GenomicStudy.analysis.focus` (new:Reference(Resource))","Element `GenomicStudy.analysis.focus` is part of an existing definition because parent element `GenomicStudy.analysis` requires a cross-version extension.
Element `GenomicStudy.analysis.focus` is not mapped to FHIR R4, since FHIR R5 `GenomicStudy` is not mapped.
Element `GenomicStudy.analysis.focus` has no mapping targets in FHIR R4. Typically, this is because the element has been added (is a new element).
If the focus of the analysis is not known, the value of this field SHALL use the data absent extension.","Element `GenomicStudy.analysis.focus` is part of an existing definition because parent element `GenomicStudy.analysis` requires a cross-version extension.
Element `GenomicStudy.analysis.focus` is not mapped to FHIR R4, since FHIR R5 `GenomicStudy` is not mapped.
Element `GenomicStudy.analysis.focus` has no mapping targets in FHIR R4. Typically, this is because the element has been added (is a new element).","","","","","","","",,,,,"",,,,"Element.extension",0,*,"","ele-1:All FHIR elements must have a @value or children {hasValue() or (children().count() > id.count())}
ext-1:Must have either extensions or value[x], not both {extension.exists() != value.exists()}"
"Extension.extension:focus.id","Extension.extension.id","","","",0,1,"","","","string {[]} {[]}
","Unique id for inter-element referencing","Unique id for the element within a resource (for internal references). This may be any string value that does not contain spaces.","","","","","","","","","",,,,,"",,,,"Element.id",0,1,"","","n/a"
"Extension.extension:focus.extension","Extension.extension.extension","","extensions
user content","",0,*,"","","","Extension {[]} {[]}
","Additional content defined by implementations","May be used to represent additional information that is not part of the basic definition of the element. To make the use of extensions safe and manageable, there is a strict set of governance  applied to the definition and use of extensions. Though any implementer can define an extension, there is a set of requirements that SHALL be met as part of the definition of the extension.","There can be no stigma associated with the use of extensions by any application, project, or standard - regardless of the institution or jurisdiction that uses or defines the extensions.  The use of extensions is what allows the FHIR specification to retain a core level of simplicity for everyone.","","","","","","","","",,,,,"","value:url}
","Extensions are always sliced by (at least) url",,"open","Element.extension",0,*,"","ele-1:All FHIR elements must have a @value or children {hasValue() or (children().count() > id.count())}
ext-1:Must have either extensions or value[x], not both {extension.exists() != value.exists()}","n/a"
"Extension.extension:focus.url","Extension.extension.url","","","",1,1,"","","","uri {[]} {[]}
","identifies the meaning of the extension","Source of the definition for the extension code - a logical name or a URL.","The definition may point directly to a computable or human-readable definition of the extensibility codes, or it may be a logical URI as declared in some other specification. The definition SHALL be a URI for the Structure Definition defining the extension.","","","","<valueUri xmlns=""http://hl7.org/fhir"" value=""focus""/>","","","","",,,,,"",,,,"Extension.url",1,1,"","","N/A"
"Extension.extension:focus.value[x]","Extension.extension.value[x]","","","",0,1,"","","","Reference {[]} {[CanonicalType[http://hl7.org/fhir/5.0/StructureDefinition/profile-Resource|0.1.0], CanonicalType[http://hl7.org/fhir/StructureDefinition/Resource|4.0.1]]}
","What the genomic analysis is about, when it is not about the subject of record","The focus of a genomic analysis when it is not the patient of record representing something or someone associated with the patient such as a spouse, parent, child, or sibling. For example, in trio testing, the GenomicStudy.subject would be the child (proband) and the GenomicStudy.analysis.focus of a specific analysis would be the parent.","If the focus of the analysis is not known, the value of this field SHALL use the data absent extension.","","","","","","","","",,,,,"",,,,"Extension.value[x]",0,1,"","ele-1:All FHIR elements must have a @value or children {hasValue() or (children().count() > id.count())}
","N/A"
"Extension.extension:specimen","Extension.extension","specimen","","",0,*,"","","","Extension {[]} {[]}
","R5: The specimen used in the analysis event (new)","R5: `GenomicStudy.analysis.specimen` (new:Reference(Specimen))","Element `GenomicStudy.analysis.specimen` is part of an existing definition because parent element `GenomicStudy.analysis` requires a cross-version extension.
Element `GenomicStudy.analysis.specimen` is not mapped to FHIR R4, since FHIR R5 `GenomicStudy` is not mapped.
Element `GenomicStudy.analysis.specimen` has no mapping targets in FHIR R4. Typically, this is because the element has been added (is a new element).","Element `GenomicStudy.analysis.specimen` is part of an existing definition because parent element `GenomicStudy.analysis` requires a cross-version extension.
Element `GenomicStudy.analysis.specimen` is not mapped to FHIR R4, since FHIR R5 `GenomicStudy` is not mapped.
Element `GenomicStudy.analysis.specimen` has no mapping targets in FHIR R4. Typically, this is because the element has been added (is a new element).","","","","","","","",,,,,"",,,,"Element.extension",0,*,"","ele-1:All FHIR elements must have a @value or children {hasValue() or (children().count() > id.count())}
ext-1:Must have either extensions or value[x], not both {extension.exists() != value.exists()}"
"Extension.extension:specimen.id","Extension.extension.id","","","",0,1,"","","","string {[]} {[]}
","Unique id for inter-element referencing","Unique id for the element within a resource (for internal references). This may be any string value that does not contain spaces.","","","","","","","","","",,,,,"",,,,"Element.id",0,1,"","","n/a"
"Extension.extension:specimen.extension","Extension.extension.extension","","extensions
user content","",0,*,"","","","Extension {[]} {[]}
","Additional content defined by implementations","May be used to represent additional information that is not part of the basic definition of the element. To make the use of extensions safe and manageable, there is a strict set of governance  applied to the definition and use of extensions. Though any implementer can define an extension, there is a set of requirements that SHALL be met as part of the definition of the extension.","There can be no stigma associated with the use of extensions by any application, project, or standard - regardless of the institution or jurisdiction that uses or defines the extensions.  The use of extensions is what allows the FHIR specification to retain a core level of simplicity for everyone.","","","","","","","","",,,,,"","value:url}
","Extensions are always sliced by (at least) url",,"open","Element.extension",0,*,"","ele-1:All FHIR elements must have a @value or children {hasValue() or (children().count() > id.count())}
ext-1:Must have either extensions or value[x], not both {extension.exists() != value.exists()}","n/a"
"Extension.extension:specimen.url","Extension.extension.url","","","",1,1,"","","","uri {[]} {[]}
","identifies the meaning of the extension","Source of the definition for the extension code - a logical name or a URL.","The definition may point directly to a computable or human-readable definition of the extensibility codes, or it may be a logical URI as declared in some other specification. The definition SHALL be a URI for the Structure Definition defining the extension.","","","","<valueUri xmlns=""http://hl7.org/fhir"" value=""specimen""/>","","","","",,,,,"",,,,"Extension.url",1,1,"","","N/A"
"Extension.extension:specimen.value[x]","Extension.extension.value[x]","","","",0,1,"","","","Reference {[]} {[CanonicalType[http://hl7.org/fhir/5.0/StructureDefinition/profile-Specimen|0.1.0], CanonicalType[http://hl7.org/fhir/StructureDefinition/Specimen|4.0.1]]}
","The specimen used in the analysis event","The specimen used in the analysis event.","","","","","","","","","",,,,,"",,,,"Extension.value[x]",0,1,"","ele-1:All FHIR elements must have a @value or children {hasValue() or (children().count() > id.count())}
","N/A"
"Extension.extension:date","Extension.extension","date","","",0,1,"","","","Extension {[]} {[]}
","R5: The date of the analysis event (new)","R5: `GenomicStudy.analysis.date` (new:dateTime)","Element `GenomicStudy.analysis.date` is part of an existing definition because parent element `GenomicStudy.analysis` requires a cross-version extension.
Element `GenomicStudy.analysis.date` is not mapped to FHIR R4, since FHIR R5 `GenomicStudy` is not mapped.
Element `GenomicStudy.analysis.date` has no mapping targets in FHIR R4. Typically, this is because the element has been added (is a new element).","Element `GenomicStudy.analysis.date` is part of an existing definition because parent element `GenomicStudy.analysis` requires a cross-version extension.
Element `GenomicStudy.analysis.date` is not mapped to FHIR R4, since FHIR R5 `GenomicStudy` is not mapped.
Element `GenomicStudy.analysis.date` has no mapping targets in FHIR R4. Typically, this is because the element has been added (is a new element).","","","","","","","",,,,,"",,,,"Element.extension",0,*,"","ele-1:All FHIR elements must have a @value or children {hasValue() or (children().count() > id.count())}
ext-1:Must have either extensions or value[x], not both {extension.exists() != value.exists()}"
"Extension.extension:date.id","Extension.extension.id","","","",0,1,"","","","string {[]} {[]}
","Unique id for inter-element referencing","Unique id for the element within a resource (for internal references). This may be any string value that does not contain spaces.","","","","","","","","","",,,,,"",,,,"Element.id",0,1,"","","n/a"
"Extension.extension:date.extension","Extension.extension.extension","","extensions
user content","",0,*,"","","","Extension {[]} {[]}
","Additional content defined by implementations","May be used to represent additional information that is not part of the basic definition of the element. To make the use of extensions safe and manageable, there is a strict set of governance  applied to the definition and use of extensions. Though any implementer can define an extension, there is a set of requirements that SHALL be met as part of the definition of the extension.","There can be no stigma associated with the use of extensions by any application, project, or standard - regardless of the institution or jurisdiction that uses or defines the extensions.  The use of extensions is what allows the FHIR specification to retain a core level of simplicity for everyone.","","","","","","","","",,,,,"","value:url}
","Extensions are always sliced by (at least) url",,"open","Element.extension",0,*,"","ele-1:All FHIR elements must have a @value or children {hasValue() or (children().count() > id.count())}
ext-1:Must have either extensions or value[x], not both {extension.exists() != value.exists()}","n/a"
"Extension.extension:date.url","Extension.extension.url","","","",1,1,"","","","uri {[]} {[]}
","identifies the meaning of the extension","Source of the definition for the extension code - a logical name or a URL.","The definition may point directly to a computable or human-readable definition of the extensibility codes, or it may be a logical URI as declared in some other specification. The definition SHALL be a URI for the Structure Definition defining the extension.","","","","<valueUri xmlns=""http://hl7.org/fhir"" value=""date""/>","","","","",,,,,"",,,,"Extension.url",1,1,"","","N/A"
"Extension.extension:date.value[x]","Extension.extension.value[x]","","","",0,1,"","","","dateTime {[]} {[]}
","The date of the analysis event","The date of the analysis event.","","","","","","","","","",,,,,"",,,,"Extension.value[x]",0,1,"","ele-1:All FHIR elements must have a @value or children {hasValue() or (children().count() > id.count())}
","N/A"
"Extension.extension:note","Extension.extension","note","","",0,*,"","","","Extension {[]} {[]}
","R5: Any notes capture with the analysis event (new)","R5: `GenomicStudy.analysis.note` (new:Annotation)","Element `GenomicStudy.analysis.note` is part of an existing definition because parent element `GenomicStudy.analysis` requires a cross-version extension.
Element `GenomicStudy.analysis.note` is not mapped to FHIR R4, since FHIR R5 `GenomicStudy` is not mapped.
Element `GenomicStudy.analysis.note` has no mapping targets in FHIR R4. Typically, this is because the element has been added (is a new element).","Element `GenomicStudy.analysis.note` is part of an existing definition because parent element `GenomicStudy.analysis` requires a cross-version extension.
Element `GenomicStudy.analysis.note` is not mapped to FHIR R4, since FHIR R5 `GenomicStudy` is not mapped.
Element `GenomicStudy.analysis.note` has no mapping targets in FHIR R4. Typically, this is because the element has been added (is a new element).","","","","","","","",,,,,"",,,,"Element.extension",0,*,"","ele-1:All FHIR elements must have a @value or children {hasValue() or (children().count() > id.count())}
ext-1:Must have either extensions or value[x], not both {extension.exists() != value.exists()}"
"Extension.extension:note.id","Extension.extension.id","","","",0,1,"","","","string {[]} {[]}
","Unique id for inter-element referencing","Unique id for the element within a resource (for internal references). This may be any string value that does not contain spaces.","","","","","","","","","",,,,,"",,,,"Element.id",0,1,"","","n/a"
"Extension.extension:note.extension","Extension.extension.extension","","extensions
user content","",0,*,"","","","Extension {[]} {[]}
","Additional content defined by implementations","May be used to represent additional information that is not part of the basic definition of the element. To make the use of extensions safe and manageable, there is a strict set of governance  applied to the definition and use of extensions. Though any implementer can define an extension, there is a set of requirements that SHALL be met as part of the definition of the extension.","There can be no stigma associated with the use of extensions by any application, project, or standard - regardless of the institution or jurisdiction that uses or defines the extensions.  The use of extensions is what allows the FHIR specification to retain a core level of simplicity for everyone.","","","","","","","","",,,,,"","value:url}
","Extensions are always sliced by (at least) url",,"open","Element.extension",0,*,"","ele-1:All FHIR elements must have a @value or children {hasValue() or (children().count() > id.count())}
ext-1:Must have either extensions or value[x], not both {extension.exists() != value.exists()}","n/a"
"Extension.extension:note.url","Extension.extension.url","","","",1,1,"","","","uri {[]} {[]}
","identifies the meaning of the extension","Source of the definition for the extension code - a logical name or a URL.","The definition may point directly to a computable or human-readable definition of the extensibility codes, or it may be a logical URI as declared in some other specification. The definition SHALL be a URI for the Structure Definition defining the extension.","","","","<valueUri xmlns=""http://hl7.org/fhir"" value=""note""/>","","","","",,,,,"",,,,"Extension.url",1,1,"","","N/A"
"Extension.extension:note.value[x]","Extension.extension.value[x]","","","",0,1,"","","","Annotation {[]} {[]}
","Any notes capture with the analysis event","Any notes capture with the analysis event.","","","","","","","","","",,,,,"",,,,"Extension.value[x]",0,1,"","ele-1:All FHIR elements must have a @value or children {hasValue() or (children().count() > id.count())}
","N/A"
"Extension.extension:protocolPerformed","Extension.extension","protocolPerformed","","",0,1,"","","","Extension {[]} {[]}
","R5: The protocol that was performed for the analysis event (new)","R5: `GenomicStudy.analysis.protocolPerformed` (new:Reference(Procedure,Task))","Element `GenomicStudy.analysis.protocolPerformed` is part of an existing definition because parent element `GenomicStudy.analysis` requires a cross-version extension.
Element `GenomicStudy.analysis.protocolPerformed` is not mapped to FHIR R4, since FHIR R5 `GenomicStudy` is not mapped.
Element `GenomicStudy.analysis.protocolPerformed` has no mapping targets in FHIR R4. Typically, this is because the element has been added (is a new element).","Element `GenomicStudy.analysis.protocolPerformed` is part of an existing definition because parent element `GenomicStudy.analysis` requires a cross-version extension.
Element `GenomicStudy.analysis.protocolPerformed` is not mapped to FHIR R4, since FHIR R5 `GenomicStudy` is not mapped.
Element `GenomicStudy.analysis.protocolPerformed` has no mapping targets in FHIR R4. Typically, this is because the element has been added (is a new element).","","","","","","","",,,,,"",,,,"Element.extension",0,*,"","ele-1:All FHIR elements must have a @value or children {hasValue() or (children().count() > id.count())}
ext-1:Must have either extensions or value[x], not both {extension.exists() != value.exists()}"
"Extension.extension:protocolPerformed.id","Extension.extension.id","","","",0,1,"","","","string {[]} {[]}
","Unique id for inter-element referencing","Unique id for the element within a resource (for internal references). This may be any string value that does not contain spaces.","","","","","","","","","",,,,,"",,,,"Element.id",0,1,"","","n/a"
"Extension.extension:protocolPerformed.extension","Extension.extension.extension","","extensions
user content","",0,*,"","","","Extension {[]} {[]}
","Additional content defined by implementations","May be used to represent additional information that is not part of the basic definition of the element. To make the use of extensions safe and manageable, there is a strict set of governance  applied to the definition and use of extensions. Though any implementer can define an extension, there is a set of requirements that SHALL be met as part of the definition of the extension.","There can be no stigma associated with the use of extensions by any application, project, or standard - regardless of the institution or jurisdiction that uses or defines the extensions.  The use of extensions is what allows the FHIR specification to retain a core level of simplicity for everyone.","","","","","","","","",,,,,"","value:url}
","Extensions are always sliced by (at least) url",,"open","Element.extension",0,*,"","ele-1:All FHIR elements must have a @value or children {hasValue() or (children().count() > id.count())}
ext-1:Must have either extensions or value[x], not both {extension.exists() != value.exists()}","n/a"
"Extension.extension:protocolPerformed.url","Extension.extension.url","","","",1,1,"","","","uri {[]} {[]}
","identifies the meaning of the extension","Source of the definition for the extension code - a logical name or a URL.","The definition may point directly to a computable or human-readable definition of the extensibility codes, or it may be a logical URI as declared in some other specification. The definition SHALL be a URI for the Structure Definition defining the extension.","","","","<valueUri xmlns=""http://hl7.org/fhir"" value=""protocolPerformed""/>","","","","",,,,,"",,,,"Extension.url",1,1,"","","N/A"
"Extension.extension:protocolPerformed.value[x]","Extension.extension.value[x]","","","",0,1,"","","","Reference {[]} {[CanonicalType[http://hl7.org/fhir/5.0/StructureDefinition/profile-Procedure|0.1.0], CanonicalType[http://hl7.org/fhir/StructureDefinition/Procedure|4.0.1], CanonicalType[http://hl7.org/fhir/5.0/StructureDefinition/profile-Task|0.1.0], CanonicalType[http://hl7.org/fhir/StructureDefinition/Task|4.0.1]]}
","The protocol that was performed for the analysis event","The protocol that was performed for the analysis event.","","","","","","","","","",,,,,"",,,,"Extension.value[x]",0,1,"","ele-1:All FHIR elements must have a @value or children {hasValue() or (children().count() > id.count())}
","N/A"
"Extension.extension:regionsStudied","Extension.extension","regionsStudied","","",0,*,"","","","Extension {[]} {[]}
","R5: The genomic regions to be studied in the analysis (BED file) (new)","R5: `GenomicStudy.analysis.regionsStudied` (new:Reference(DocumentReference,Observation))","Element `GenomicStudy.analysis.regionsStudied` is part of an existing definition because parent element `GenomicStudy.analysis` requires a cross-version extension.
Element `GenomicStudy.analysis.regionsStudied` is not mapped to FHIR R4, since FHIR R5 `GenomicStudy` is not mapped.
Element `GenomicStudy.analysis.regionsStudied` has no mapping targets in FHIR R4. Typically, this is because the element has been added (is a new element).","Element `GenomicStudy.analysis.regionsStudied` is part of an existing definition because parent element `GenomicStudy.analysis` requires a cross-version extension.
Element `GenomicStudy.analysis.regionsStudied` is not mapped to FHIR R4, since FHIR R5 `GenomicStudy` is not mapped.
Element `GenomicStudy.analysis.regionsStudied` has no mapping targets in FHIR R4. Typically, this is because the element has been added (is a new element).","","","","","","","",,,,,"",,,,"Element.extension",0,*,"","ele-1:All FHIR elements must have a @value or children {hasValue() or (children().count() > id.count())}
ext-1:Must have either extensions or value[x], not both {extension.exists() != value.exists()}"
"Extension.extension:regionsStudied.id","Extension.extension.id","","","",0,1,"","","","string {[]} {[]}
","Unique id for inter-element referencing","Unique id for the element within a resource (for internal references). This may be any string value that does not contain spaces.","","","","","","","","","",,,,,"",,,,"Element.id",0,1,"","","n/a"
"Extension.extension:regionsStudied.extension","Extension.extension.extension","","extensions
user content","",0,*,"","","","Extension {[]} {[]}
","Additional content defined by implementations","May be used to represent additional information that is not part of the basic definition of the element. To make the use of extensions safe and manageable, there is a strict set of governance  applied to the definition and use of extensions. Though any implementer can define an extension, there is a set of requirements that SHALL be met as part of the definition of the extension.","There can be no stigma associated with the use of extensions by any application, project, or standard - regardless of the institution or jurisdiction that uses or defines the extensions.  The use of extensions is what allows the FHIR specification to retain a core level of simplicity for everyone.","","","","","","","","",,,,,"","value:url}
","Extensions are always sliced by (at least) url",,"open","Element.extension",0,*,"","ele-1:All FHIR elements must have a @value or children {hasValue() or (children().count() > id.count())}
ext-1:Must have either extensions or value[x], not both {extension.exists() != value.exists()}","n/a"
"Extension.extension:regionsStudied.url","Extension.extension.url","","","",1,1,"","","","uri {[]} {[]}
","identifies the meaning of the extension","Source of the definition for the extension code - a logical name or a URL.","The definition may point directly to a computable or human-readable definition of the extensibility codes, or it may be a logical URI as declared in some other specification. The definition SHALL be a URI for the Structure Definition defining the extension.","","","","<valueUri xmlns=""http://hl7.org/fhir"" value=""regionsStudied""/>","","","","",,,,,"",,,,"Extension.url",1,1,"","","N/A"
"Extension.extension:regionsStudied.value[x]","Extension.extension.value[x]","","","",0,1,"","","","Reference {[]} {[CanonicalType[http://hl7.org/fhir/5.0/StructureDefinition/profile-DocumentReference-for-Media|0.1.0], CanonicalType[http://hl7.org/fhir/StructureDefinition/Media|4.0.1], CanonicalType[http://hl7.org/fhir/5.0/StructureDefinition/profile-Observation|0.1.0], CanonicalType[http://hl7.org/fhir/StructureDefinition/Observation|4.0.1]]}
","The genomic regions to be studied in the analysis (BED file)","The genomic regions to be studied in the analysis (BED file).","","","","","","","","","",,,,,"",,,,"Extension.value[x]",0,1,"","ele-1:All FHIR elements must have a @value or children {hasValue() or (children().count() > id.count())}
","N/A"
"Extension.extension:regionsCalled","Extension.extension","regionsCalled","","",0,*,"","","","Extension {[]} {[]}
","R5: Genomic regions actually called in the analysis event (BED file) (new)","R5: `GenomicStudy.analysis.regionsCalled` (new:Reference(DocumentReference,Observation))","Element `GenomicStudy.analysis.regionsCalled` is part of an existing definition because parent element `GenomicStudy.analysis` requires a cross-version extension.
Element `GenomicStudy.analysis.regionsCalled` is not mapped to FHIR R4, since FHIR R5 `GenomicStudy` is not mapped.
Element `GenomicStudy.analysis.regionsCalled` has no mapping targets in FHIR R4. Typically, this is because the element has been added (is a new element).","Element `GenomicStudy.analysis.regionsCalled` is part of an existing definition because parent element `GenomicStudy.analysis` requires a cross-version extension.
Element `GenomicStudy.analysis.regionsCalled` is not mapped to FHIR R4, since FHIR R5 `GenomicStudy` is not mapped.
Element `GenomicStudy.analysis.regionsCalled` has no mapping targets in FHIR R4. Typically, this is because the element has been added (is a new element).","","","","","","","",,,,,"",,,,"Element.extension",0,*,"","ele-1:All FHIR elements must have a @value or children {hasValue() or (children().count() > id.count())}
ext-1:Must have either extensions or value[x], not both {extension.exists() != value.exists()}"
"Extension.extension:regionsCalled.id","Extension.extension.id","","","",0,1,"","","","string {[]} {[]}
","Unique id for inter-element referencing","Unique id for the element within a resource (for internal references). This may be any string value that does not contain spaces.","","","","","","","","","",,,,,"",,,,"Element.id",0,1,"","","n/a"
"Extension.extension:regionsCalled.extension","Extension.extension.extension","","extensions
user content","",0,*,"","","","Extension {[]} {[]}
","Additional content defined by implementations","May be used to represent additional information that is not part of the basic definition of the element. To make the use of extensions safe and manageable, there is a strict set of governance  applied to the definition and use of extensions. Though any implementer can define an extension, there is a set of requirements that SHALL be met as part of the definition of the extension.","There can be no stigma associated with the use of extensions by any application, project, or standard - regardless of the institution or jurisdiction that uses or defines the extensions.  The use of extensions is what allows the FHIR specification to retain a core level of simplicity for everyone.","","","","","","","","",,,,,"","value:url}
","Extensions are always sliced by (at least) url",,"open","Element.extension",0,*,"","ele-1:All FHIR elements must have a @value or children {hasValue() or (children().count() > id.count())}
ext-1:Must have either extensions or value[x], not both {extension.exists() != value.exists()}","n/a"
"Extension.extension:regionsCalled.url","Extension.extension.url","","","",1,1,"","","","uri {[]} {[]}
","identifies the meaning of the extension","Source of the definition for the extension code - a logical name or a URL.","The definition may point directly to a computable or human-readable definition of the extensibility codes, or it may be a logical URI as declared in some other specification. The definition SHALL be a URI for the Structure Definition defining the extension.","","","","<valueUri xmlns=""http://hl7.org/fhir"" value=""regionsCalled""/>","","","","",,,,,"",,,,"Extension.url",1,1,"","","N/A"
"Extension.extension:regionsCalled.value[x]","Extension.extension.value[x]","","","",0,1,"","","","Reference {[]} {[CanonicalType[http://hl7.org/fhir/5.0/StructureDefinition/profile-DocumentReference-for-Media|0.1.0], CanonicalType[http://hl7.org/fhir/StructureDefinition/Media|4.0.1], CanonicalType[http://hl7.org/fhir/5.0/StructureDefinition/profile-Observation|0.1.0], CanonicalType[http://hl7.org/fhir/StructureDefinition/Observation|4.0.1]]}
","Genomic regions actually called in the analysis event (BED file)","Genomic regions actually called in the analysis event (BED file).","","","","","","","","","",,,,,"",,,,"Extension.value[x]",0,1,"","ele-1:All FHIR elements must have a @value or children {hasValue() or (children().count() > id.count())}
","N/A"
"Extension.extension:input","Extension.extension","input","","",0,*,"","","","Extension {[]} {[]}
","R5: Inputs for the analysis event (new)","R5: `GenomicStudy.analysis.input` (new:BackboneElement)","Element `GenomicStudy.analysis.input` is part of an existing definition because parent element `GenomicStudy.analysis` requires a cross-version extension.
Element `GenomicStudy.analysis.input` is not mapped to FHIR R4, since FHIR R5 `GenomicStudy` is not mapped.
Element `GenomicStudy.analysis.input` has no mapping targets in FHIR R4. Typically, this is because the element has been added (is a new element).","Element `GenomicStudy.analysis.input` is part of an existing definition because parent element `GenomicStudy.analysis` requires a cross-version extension.
Element `GenomicStudy.analysis.input` is not mapped to FHIR R4, since FHIR R5 `GenomicStudy` is not mapped.
Element `GenomicStudy.analysis.input` has no mapping targets in FHIR R4. Typically, this is because the element has been added (is a new element).","","","","","","","",,,,,"",,,,"Element.extension",0,*,"","ele-1:All FHIR elements must have a @value or children {hasValue() or (children().count() > id.count())}
ext-1:Must have either extensions or value[x], not both {extension.exists() != value.exists()}"
"Extension.extension:input.id","Extension.extension.id","","","",0,1,"","","","string {[]} {[]}
","Unique id for inter-element referencing","Unique id for the element within a resource (for internal references). This may be any string value that does not contain spaces.","","","","","","","","","",,,,,"",,,,"Element.id",0,1,"","","n/a"
"Extension.extension:input.extension","Extension.extension.extension","","","",0,*,"","","","Extension {[]} {[]}
","Extension","An Extension","","","","","","","","","",,,,,"","value:url}
","Extensions are always sliced by (at least) url",,"open","Element.extension",0,*,"","ele-1:All FHIR elements must have a @value or children {hasValue() or (children().count() > id.count())}
ext-1:Must have either extensions or value[x], not both {extension.exists() != value.exists()}"
"Extension.extension:input.extension:file","Extension.extension.extension","file","","",0,1,"","","","Extension {[]} {[]}
","R5: File containing input data (new)","R5: `GenomicStudy.analysis.input.file` (new:Reference(DocumentReference))","Element `GenomicStudy.analysis.input.file` is part of an existing definition because parent element `GenomicStudy.analysis.input` requires a cross-version extension.
Element `GenomicStudy.analysis.input.file` is not mapped to FHIR R4, since FHIR R5 `GenomicStudy` is not mapped.
Element `GenomicStudy.analysis.input.file` has no mapping targets in FHIR R4. Typically, this is because the element has been added (is a new element).","Element `GenomicStudy.analysis.input.file` is part of an existing definition because parent element `GenomicStudy.analysis.input` requires a cross-version extension.
Element `GenomicStudy.analysis.input.file` is not mapped to FHIR R4, since FHIR R5 `GenomicStudy` is not mapped.
Element `GenomicStudy.analysis.input.file` has no mapping targets in FHIR R4. Typically, this is because the element has been added (is a new element).","","","","","","","",,,,,"",,,,"Element.extension",0,*,"","ele-1:All FHIR elements must have a @value or children {hasValue() or (children().count() > id.count())}
ext-1:Must have either extensions or value[x], not both {extension.exists() != value.exists()}"
"Extension.extension:input.extension:file.id","Extension.extension.extension.id","","","",0,1,"","","","string {[]} {[]}
","Unique id for inter-element referencing","Unique id for the element within a resource (for internal references). This may be any string value that does not contain spaces.","","","","","","","","","",,,,,"",,,,"Element.id",0,1,"","","n/a"
"Extension.extension:input.extension:file.extension","Extension.extension.extension.extension","","extensions
user content","",0,*,"","","","Extension {[]} {[]}
","Additional content defined by implementations","May be used to represent additional information that is not part of the basic definition of the element. To make the use of extensions safe and manageable, there is a strict set of governance  applied to the definition and use of extensions. Though any implementer can define an extension, there is a set of requirements that SHALL be met as part of the definition of the extension.","There can be no stigma associated with the use of extensions by any application, project, or standard - regardless of the institution or jurisdiction that uses or defines the extensions.  The use of extensions is what allows the FHIR specification to retain a core level of simplicity for everyone.","","","","","","","","",,,,,"","value:url}
","Extensions are always sliced by (at least) url",,"open","Element.extension",0,*,"","ele-1:All FHIR elements must have a @value or children {hasValue() or (children().count() > id.count())}
ext-1:Must have either extensions or value[x], not both {extension.exists() != value.exists()}","n/a"
"Extension.extension:input.extension:file.url","Extension.extension.extension.url","","","",1,1,"","","","uri {[]} {[]}
","identifies the meaning of the extension","Source of the definition for the extension code - a logical name or a URL.","The definition may point directly to a computable or human-readable definition of the extensibility codes, or it may be a logical URI as declared in some other specification. The definition SHALL be a URI for the Structure Definition defining the extension.","","","","<valueUri xmlns=""http://hl7.org/fhir"" value=""file""/>","","","","",,,,,"",,,,"Extension.url",1,1,"","","N/A"
"Extension.extension:input.extension:file.value[x]","Extension.extension.extension.value[x]","","","",0,1,"","","","Reference {[]} {[CanonicalType[http://hl7.org/fhir/5.0/StructureDefinition/profile-DocumentReference-for-Media|0.1.0], CanonicalType[http://hl7.org/fhir/StructureDefinition/Media|4.0.1]]}
","File containing input data","File containing input data.","","","","","","","","","",,,,,"",,,,"Extension.value[x]",0,1,"","ele-1:All FHIR elements must have a @value or children {hasValue() or (children().count() > id.count())}
","N/A"
"Extension.extension:input.extension:type","Extension.extension.extension","type","","",0,1,"","","","Extension {[]} {[]}
","R5: Type of input data (e.g., BAM, CRAM, or FASTA) (new)","R5: `GenomicStudy.analysis.input.type` (new:CodeableConcept)","Element `GenomicStudy.analysis.input.type` is part of an existing definition because parent element `GenomicStudy.analysis.input` requires a cross-version extension.
Element `GenomicStudy.analysis.input.type` is not mapped to FHIR R4, since FHIR R5 `GenomicStudy` is not mapped.
Element `GenomicStudy.analysis.input.type` has no mapping targets in FHIR R4. Typically, this is because the element has been added (is a new element).","Element `GenomicStudy.analysis.input.type` is part of an existing definition because parent element `GenomicStudy.analysis.input` requires a cross-version extension.
Element `GenomicStudy.analysis.input.type` is not mapped to FHIR R4, since FHIR R5 `GenomicStudy` is not mapped.
Element `GenomicStudy.analysis.input.type` has no mapping targets in FHIR R4. Typically, this is because the element has been added (is a new element).","","","","","","","",,,,,"",,,,"Element.extension",0,*,"","ele-1:All FHIR elements must have a @value or children {hasValue() or (children().count() > id.count())}
ext-1:Must have either extensions or value[x], not both {extension.exists() != value.exists()}"
"Extension.extension:input.extension:type.id","Extension.extension.extension.id","","","",0,1,"","","","string {[]} {[]}
","Unique id for inter-element referencing","Unique id for the element within a resource (for internal references). This may be any string value that does not contain spaces.","","","","","","","","","",,,,,"",,,,"Element.id",0,1,"","","n/a"
"Extension.extension:input.extension:type.extension","Extension.extension.extension.extension","","extensions
user content","",0,*,"","","","Extension {[]} {[]}
","Additional content defined by implementations","May be used to represent additional information that is not part of the basic definition of the element. To make the use of extensions safe and manageable, there is a strict set of governance  applied to the definition and use of extensions. Though any implementer can define an extension, there is a set of requirements that SHALL be met as part of the definition of the extension.","There can be no stigma associated with the use of extensions by any application, project, or standard - regardless of the institution or jurisdiction that uses or defines the extensions.  The use of extensions is what allows the FHIR specification to retain a core level of simplicity for everyone.","","","","","","","","",,,,,"","value:url}
","Extensions are always sliced by (at least) url",,"open","Element.extension",0,*,"","ele-1:All FHIR elements must have a @value or children {hasValue() or (children().count() > id.count())}
ext-1:Must have either extensions or value[x], not both {extension.exists() != value.exists()}","n/a"
"Extension.extension:input.extension:type.url","Extension.extension.extension.url","","","",1,1,"","","","uri {[]} {[]}
","identifies the meaning of the extension","Source of the definition for the extension code - a logical name or a URL.","The definition may point directly to a computable or human-readable definition of the extensibility codes, or it may be a logical URI as declared in some other specification. The definition SHALL be a URI for the Structure Definition defining the extension.","","","","<valueUri xmlns=""http://hl7.org/fhir"" value=""type""/>","","","","",,,,,"",,,,"Extension.url",1,1,"","","N/A"
"Extension.extension:input.extension:type.value[x]","Extension.extension.extension.value[x]","","","",0,1,"","","","CodeableConcept {[]} {[]}
","Type of input data (e.g., BAM, CRAM, or FASTA)","Type of input data, e.g., BAM, CRAM, or FASTA.","","","","","","","","","",,"example","The data format of the data file.","http://hl7.org/fhir/uv/xver/ValueSet/R5-genomicstudy-dataformat-for-R4|0.1.0","",,,,"Extension.value[x]",0,1,"","ele-1:All FHIR elements must have a @value or children {hasValue() or (children().count() > id.count())}
","N/A"
"Extension.extension:input.extension:generatedBy","Extension.extension.extension","generatedBy","","",0,1,"","","","Extension {[]} {[]}
","R5: The analysis event or other GenomicStudy that generated this input file (new)","R5: `GenomicStudy.analysis.input.generatedBy[x]` (new:Identifier, Reference(GenomicStudy))","Element `GenomicStudy.analysis.input.generatedBy[x]` is part of an existing definition because parent element `GenomicStudy.analysis.input` requires a cross-version extension.
Element `GenomicStudy.analysis.input.generatedBy[x]` is not mapped to FHIR R4, since FHIR R5 `GenomicStudy` is not mapped.
Element `GenomicStudy.analysis.input.generatedBy[x]` has no mapping targets in FHIR R4. Typically, this is because the element has been added (is a new element).","Element `GenomicStudy.analysis.input.generatedBy[x]` is part of an existing definition because parent element `GenomicStudy.analysis.input` requires a cross-version extension.
Element `GenomicStudy.analysis.input.generatedBy[x]` is not mapped to FHIR R4, since FHIR R5 `GenomicStudy` is not mapped.
Element `GenomicStudy.analysis.input.generatedBy[x]` has no mapping targets in FHIR R4. Typically, this is because the element has been added (is a new element).","","","","","","","",,,,,"",,,,"Element.extension",0,*,"","ele-1:All FHIR elements must have a @value or children {hasValue() or (children().count() > id.count())}
ext-1:Must have either extensions or value[x], not both {extension.exists() != value.exists()}"
"Extension.extension:input.extension:generatedBy.id","Extension.extension.extension.id","","","",0,1,"","","","string {[]} {[]}
","Unique id for inter-element referencing","Unique id for the element within a resource (for internal references). This may be any string value that does not contain spaces.","","","","","","","","","",,,,,"",,,,"Element.id",0,1,"","","n/a"
"Extension.extension:input.extension:generatedBy.extension","Extension.extension.extension.extension","","extensions
user content","",0,*,"","","","Extension {[]} {[]}
","Additional content defined by implementations","May be used to represent additional information that is not part of the basic definition of the element. To make the use of extensions safe and manageable, there is a strict set of governance  applied to the definition and use of extensions. Though any implementer can define an extension, there is a set of requirements that SHALL be met as part of the definition of the extension.","There can be no stigma associated with the use of extensions by any application, project, or standard - regardless of the institution or jurisdiction that uses or defines the extensions.  The use of extensions is what allows the FHIR specification to retain a core level of simplicity for everyone.","","","","","","","","",,,,,"","value:url}
","Extensions are always sliced by (at least) url",,"open","Element.extension",0,*,"","ele-1:All FHIR elements must have a @value or children {hasValue() or (children().count() > id.count())}
ext-1:Must have either extensions or value[x], not both {extension.exists() != value.exists()}","n/a"
"Extension.extension:input.extension:generatedBy.url","Extension.extension.extension.url","","","",1,1,"","","","uri {[]} {[]}
","identifies the meaning of the extension","Source of the definition for the extension code - a logical name or a URL.","The definition may point directly to a computable or human-readable definition of the extensibility codes, or it may be a logical URI as declared in some other specification. The definition SHALL be a URI for the Structure Definition defining the extension.","","","","<valueUri xmlns=""http://hl7.org/fhir"" value=""generatedBy""/>","","","","",,,,,"",,,,"Extension.url",1,1,"","","N/A"
"Extension.extension:input.extension:generatedBy.value[x]","Extension.extension.extension.value[x]","","","",0,1,"","","","Identifier {[]} {[]}
Reference {[]} {[CanonicalType[http://hl7.org/fhir/5.0/StructureDefinition/profile-GenomicStudy|0.1.0], CanonicalType[http://hl7.org/fhir/StructureDefinition/Basic|4.0.1]]}","The analysis event or other GenomicStudy that generated this input file","The analysis event or other GenomicStudy that generated this input file.","","","","","","","","","",,,,,"",,,,"Extension.value[x]",0,1,"","ele-1:All FHIR elements must have a @value or children {hasValue() or (children().count() > id.count())}
","N/A"
"Extension.extension:input.url","Extension.extension.url","","","",1,1,"","","","uri {[]} {[]}
","identifies the meaning of the extension","Source of the definition for the extension code - a logical name or a URL.","The definition may point directly to a computable or human-readable definition of the extensibility codes, or it may be a logical URI as declared in some other specification. The definition SHALL be a URI for the Structure Definition defining the extension.","","","","<valueUri xmlns=""http://hl7.org/fhir"" value=""input""/>","","","","",,,,,"",,,,"Extension.url",1,1,"","","N/A"
"Extension.extension:input.value[x]","Extension.extension.value[x]","","","",0,0,"","","","base64Binary {[]} {[]}
boolean {[]} {[]}canonical {[]} {[]}code {[]} {[]}date {[]} {[]}dateTime {[]} {[]}decimal {[]} {[]}id {[]} {[]}instant {[]} {[]}integer {[]} {[]}markdown {[]} {[]}oid {[]} {[]}positiveInt {[]} {[]}string {[]} {[]}time {[]} {[]}unsignedInt {[]} {[]}uri {[]} {[]}url {[]} {[]}uuid {[]} {[]}Address {[]} {[]}Age {[]} {[]}Annotation {[]} {[]}Attachment {[]} {[]}CodeableConcept {[]} {[]}Coding {[]} {[]}ContactPoint {[]} {[]}Count {[]} {[]}Distance {[]} {[]}Duration {[]} {[]}HumanName {[]} {[]}Identifier {[]} {[]}Money {[]} {[]}Period {[]} {[]}Quantity {[]} {[]}Range {[]} {[]}Ratio {[]} {[]}Reference {[]} {[]}SampledData {[]} {[]}Signature {[]} {[]}Timing {[]} {[]}ContactDetail {[]} {[]}Contributor {[]} {[]}DataRequirement {[]} {[]}Expression {[]} {[]}ParameterDefinition {[]} {[]}RelatedArtifact {[]} {[]}TriggerDefinition {[]} {[]}UsageContext {[]} {[]}Dosage {[]} {[]}Meta {[]} {[]}","Value of extension","Value of extension - must be one of a constrained set of the data types (see [Extensibility](http://hl7.org/fhir/R4/extensibility.html) for a list).","","","","","","","","","",,,,,"",,,,"Extension.value[x]",0,1,"","ele-1:All FHIR elements must have a @value or children {hasValue() or (children().count() > id.count())}
","N/A"
"Extension.extension:output","Extension.extension","output","","",0,*,"","","","Extension {[]} {[]}
","R5: Outputs for the analysis event (new)","R5: `GenomicStudy.analysis.output` (new:BackboneElement)","Element `GenomicStudy.analysis.output` is part of an existing definition because parent element `GenomicStudy.analysis` requires a cross-version extension.
Element `GenomicStudy.analysis.output` is not mapped to FHIR R4, since FHIR R5 `GenomicStudy` is not mapped.
Element `GenomicStudy.analysis.output` has no mapping targets in FHIR R4. Typically, this is because the element has been added (is a new element).","Element `GenomicStudy.analysis.output` is part of an existing definition because parent element `GenomicStudy.analysis` requires a cross-version extension.
Element `GenomicStudy.analysis.output` is not mapped to FHIR R4, since FHIR R5 `GenomicStudy` is not mapped.
Element `GenomicStudy.analysis.output` has no mapping targets in FHIR R4. Typically, this is because the element has been added (is a new element).","","","","","","","",,,,,"",,,,"Element.extension",0,*,"","ele-1:All FHIR elements must have a @value or children {hasValue() or (children().count() > id.count())}
ext-1:Must have either extensions or value[x], not both {extension.exists() != value.exists()}"
"Extension.extension:output.id","Extension.extension.id","","","",0,1,"","","","string {[]} {[]}
","Unique id for inter-element referencing","Unique id for the element within a resource (for internal references). This may be any string value that does not contain spaces.","","","","","","","","","",,,,,"",,,,"Element.id",0,1,"","","n/a"
"Extension.extension:output.extension","Extension.extension.extension","","","",0,*,"","","","Extension {[]} {[]}
","Extension","An Extension","","","","","","","","","",,,,,"","value:url}
","Extensions are always sliced by (at least) url",,"open","Element.extension",0,*,"","ele-1:All FHIR elements must have a @value or children {hasValue() or (children().count() > id.count())}
ext-1:Must have either extensions or value[x], not both {extension.exists() != value.exists()}"
"Extension.extension:output.extension:file","Extension.extension.extension","file","","",0,1,"","","","Extension {[]} {[]}
","R5: File containing output data (new)","R5: `GenomicStudy.analysis.output.file` (new:Reference(DocumentReference))","Element `GenomicStudy.analysis.output.file` is part of an existing definition because parent element `GenomicStudy.analysis.output` requires a cross-version extension.
Element `GenomicStudy.analysis.output.file` is not mapped to FHIR R4, since FHIR R5 `GenomicStudy` is not mapped.
Element `GenomicStudy.analysis.output.file` has no mapping targets in FHIR R4. Typically, this is because the element has been added (is a new element).","Element `GenomicStudy.analysis.output.file` is part of an existing definition because parent element `GenomicStudy.analysis.output` requires a cross-version extension.
Element `GenomicStudy.analysis.output.file` is not mapped to FHIR R4, since FHIR R5 `GenomicStudy` is not mapped.
Element `GenomicStudy.analysis.output.file` has no mapping targets in FHIR R4. Typically, this is because the element has been added (is a new element).","","","","","","","",,,,,"",,,,"Element.extension",0,*,"","ele-1:All FHIR elements must have a @value or children {hasValue() or (children().count() > id.count())}
ext-1:Must have either extensions or value[x], not both {extension.exists() != value.exists()}"
"Extension.extension:output.extension:file.id","Extension.extension.extension.id","","","",0,1,"","","","string {[]} {[]}
","Unique id for inter-element referencing","Unique id for the element within a resource (for internal references). This may be any string value that does not contain spaces.","","","","","","","","","",,,,,"",,,,"Element.id",0,1,"","","n/a"
"Extension.extension:output.extension:file.extension","Extension.extension.extension.extension","","extensions
user content","",0,*,"","","","Extension {[]} {[]}
","Additional content defined by implementations","May be used to represent additional information that is not part of the basic definition of the element. To make the use of extensions safe and manageable, there is a strict set of governance  applied to the definition and use of extensions. Though any implementer can define an extension, there is a set of requirements that SHALL be met as part of the definition of the extension.","There can be no stigma associated with the use of extensions by any application, project, or standard - regardless of the institution or jurisdiction that uses or defines the extensions.  The use of extensions is what allows the FHIR specification to retain a core level of simplicity for everyone.","","","","","","","","",,,,,"","value:url}
","Extensions are always sliced by (at least) url",,"open","Element.extension",0,*,"","ele-1:All FHIR elements must have a @value or children {hasValue() or (children().count() > id.count())}
ext-1:Must have either extensions or value[x], not both {extension.exists() != value.exists()}","n/a"
"Extension.extension:output.extension:file.url","Extension.extension.extension.url","","","",1,1,"","","","uri {[]} {[]}
","identifies the meaning of the extension","Source of the definition for the extension code - a logical name or a URL.","The definition may point directly to a computable or human-readable definition of the extensibility codes, or it may be a logical URI as declared in some other specification. The definition SHALL be a URI for the Structure Definition defining the extension.","","","","<valueUri xmlns=""http://hl7.org/fhir"" value=""file""/>","","","","",,,,,"",,,,"Extension.url",1,1,"","","N/A"
"Extension.extension:output.extension:file.value[x]","Extension.extension.extension.value[x]","","","",0,1,"","","","Reference {[]} {[CanonicalType[http://hl7.org/fhir/5.0/StructureDefinition/profile-DocumentReference-for-Media|0.1.0], CanonicalType[http://hl7.org/fhir/StructureDefinition/Media|4.0.1]]}
","File containing output data","File containing output data.","","","","","","","","","",,,,,"",,,,"Extension.value[x]",0,1,"","ele-1:All FHIR elements must have a @value or children {hasValue() or (children().count() > id.count())}
","N/A"
"Extension.extension:output.extension:type","Extension.extension.extension","type","","",0,1,"","","","Extension {[]} {[]}
","R5: Type of output data (e.g., VCF, MAF, or BAM) (new)","R5: `GenomicStudy.analysis.output.type` (new:CodeableConcept)","Element `GenomicStudy.analysis.output.type` is part of an existing definition because parent element `GenomicStudy.analysis.output` requires a cross-version extension.
Element `GenomicStudy.analysis.output.type` is not mapped to FHIR R4, since FHIR R5 `GenomicStudy` is not mapped.
Element `GenomicStudy.analysis.output.type` has no mapping targets in FHIR R4. Typically, this is because the element has been added (is a new element).","Element `GenomicStudy.analysis.output.type` is part of an existing definition because parent element `GenomicStudy.analysis.output` requires a cross-version extension.
Element `GenomicStudy.analysis.output.type` is not mapped to FHIR R4, since FHIR R5 `GenomicStudy` is not mapped.
Element `GenomicStudy.analysis.output.type` has no mapping targets in FHIR R4. Typically, this is because the element has been added (is a new element).","","","","","","","",,,,,"",,,,"Element.extension",0,*,"","ele-1:All FHIR elements must have a @value or children {hasValue() or (children().count() > id.count())}
ext-1:Must have either extensions or value[x], not both {extension.exists() != value.exists()}"
"Extension.extension:output.extension:type.id","Extension.extension.extension.id","","","",0,1,"","","","string {[]} {[]}
","Unique id for inter-element referencing","Unique id for the element within a resource (for internal references). This may be any string value that does not contain spaces.","","","","","","","","","",,,,,"",,,,"Element.id",0,1,"","","n/a"
"Extension.extension:output.extension:type.extension","Extension.extension.extension.extension","","extensions
user content","",0,*,"","","","Extension {[]} {[]}
","Additional content defined by implementations","May be used to represent additional information that is not part of the basic definition of the element. To make the use of extensions safe and manageable, there is a strict set of governance  applied to the definition and use of extensions. Though any implementer can define an extension, there is a set of requirements that SHALL be met as part of the definition of the extension.","There can be no stigma associated with the use of extensions by any application, project, or standard - regardless of the institution or jurisdiction that uses or defines the extensions.  The use of extensions is what allows the FHIR specification to retain a core level of simplicity for everyone.","","","","","","","","",,,,,"","value:url}
","Extensions are always sliced by (at least) url",,"open","Element.extension",0,*,"","ele-1:All FHIR elements must have a @value or children {hasValue() or (children().count() > id.count())}
ext-1:Must have either extensions or value[x], not both {extension.exists() != value.exists()}","n/a"
"Extension.extension:output.extension:type.url","Extension.extension.extension.url","","","",1,1,"","","","uri {[]} {[]}
","identifies the meaning of the extension","Source of the definition for the extension code - a logical name or a URL.","The definition may point directly to a computable or human-readable definition of the extensibility codes, or it may be a logical URI as declared in some other specification. The definition SHALL be a URI for the Structure Definition defining the extension.","","","","<valueUri xmlns=""http://hl7.org/fhir"" value=""type""/>","","","","",,,,,"",,,,"Extension.url",1,1,"","","N/A"
"Extension.extension:output.extension:type.value[x]","Extension.extension.extension.value[x]","","","",0,1,"","","","CodeableConcept {[]} {[]}
","Type of output data (e.g., VCF, MAF, or BAM)","Type of output data, e.g., VCF, MAF, or BAM.","","","","","","","","","",,"example","The data format of the data file.","http://hl7.org/fhir/uv/xver/ValueSet/R5-genomicstudy-dataformat-for-R4|0.1.0","",,,,"Extension.value[x]",0,1,"","ele-1:All FHIR elements must have a @value or children {hasValue() or (children().count() > id.count())}
","N/A"
"Extension.extension:output.url","Extension.extension.url","","","",1,1,"","","","uri {[]} {[]}
","identifies the meaning of the extension","Source of the definition for the extension code - a logical name or a URL.","The definition may point directly to a computable or human-readable definition of the extensibility codes, or it may be a logical URI as declared in some other specification. The definition SHALL be a URI for the Structure Definition defining the extension.","","","","<valueUri xmlns=""http://hl7.org/fhir"" value=""output""/>","","","","",,,,,"",,,,"Extension.url",1,1,"","","N/A"
"Extension.extension:output.value[x]","Extension.extension.value[x]","","","",0,0,"","","","base64Binary {[]} {[]}
boolean {[]} {[]}canonical {[]} {[]}code {[]} {[]}date {[]} {[]}dateTime {[]} {[]}decimal {[]} {[]}id {[]} {[]}instant {[]} {[]}integer {[]} {[]}markdown {[]} {[]}oid {[]} {[]}positiveInt {[]} {[]}string {[]} {[]}time {[]} {[]}unsignedInt {[]} {[]}uri {[]} {[]}url {[]} {[]}uuid {[]} {[]}Address {[]} {[]}Age {[]} {[]}Annotation {[]} {[]}Attachment {[]} {[]}CodeableConcept {[]} {[]}Coding {[]} {[]}ContactPoint {[]} {[]}Count {[]} {[]}Distance {[]} {[]}Duration {[]} {[]}HumanName {[]} {[]}Identifier {[]} {[]}Money {[]} {[]}Period {[]} {[]}Quantity {[]} {[]}Range {[]} {[]}Ratio {[]} {[]}Reference {[]} {[]}SampledData {[]} {[]}Signature {[]} {[]}Timing {[]} {[]}ContactDetail {[]} {[]}Contributor {[]} {[]}DataRequirement {[]} {[]}Expression {[]} {[]}ParameterDefinition {[]} {[]}RelatedArtifact {[]} {[]}TriggerDefinition {[]} {[]}UsageContext {[]} {[]}Dosage {[]} {[]}Meta {[]} {[]}","Value of extension","Value of extension - must be one of a constrained set of the data types (see [Extensibility](http://hl7.org/fhir/R4/extensibility.html) for a list).","","","","","","","","","",,,,,"",,,,"Extension.value[x]",0,1,"","ele-1:All FHIR elements must have a @value or children {hasValue() or (children().count() > id.count())}
","N/A"
"Extension.extension:performer","Extension.extension","performer","","",0,*,"","","","Extension {[]} {[]}
","R5: Performer for the analysis event (new)","R5: `GenomicStudy.analysis.performer` (new:BackboneElement)","Element `GenomicStudy.analysis.performer` is part of an existing definition because parent element `GenomicStudy.analysis` requires a cross-version extension.
Element `GenomicStudy.analysis.performer` is not mapped to FHIR R4, since FHIR R5 `GenomicStudy` is not mapped.
Element `GenomicStudy.analysis.performer` has no mapping targets in FHIR R4. Typically, this is because the element has been added (is a new element).","Element `GenomicStudy.analysis.performer` is part of an existing definition because parent element `GenomicStudy.analysis` requires a cross-version extension.
Element `GenomicStudy.analysis.performer` is not mapped to FHIR R4, since FHIR R5 `GenomicStudy` is not mapped.
Element `GenomicStudy.analysis.performer` has no mapping targets in FHIR R4. Typically, this is because the element has been added (is a new element).","","","","","","","",,,,,"",,,,"Element.extension",0,*,"","ele-1:All FHIR elements must have a @value or children {hasValue() or (children().count() > id.count())}
ext-1:Must have either extensions or value[x], not both {extension.exists() != value.exists()}"
"Extension.extension:performer.id","Extension.extension.id","","","",0,1,"","","","string {[]} {[]}
","Unique id for inter-element referencing","Unique id for the element within a resource (for internal references). This may be any string value that does not contain spaces.","","","","","","","","","",,,,,"",,,,"Element.id",0,1,"","","n/a"
"Extension.extension:performer.extension","Extension.extension.extension","","","",0,*,"","","","Extension {[]} {[]}
","Extension","An Extension","","","","","","","","","",,,,,"","value:url}
","Extensions are always sliced by (at least) url",,"open","Element.extension",0,*,"","ele-1:All FHIR elements must have a @value or children {hasValue() or (children().count() > id.count())}
ext-1:Must have either extensions or value[x], not both {extension.exists() != value.exists()}"
"Extension.extension:performer.extension:actor","Extension.extension.extension","actor","","",0,1,"","","","Extension {[]} {[]}
","R5: The organization, healthcare professional, or others who participated in performing this analysis (new)","R5: `GenomicStudy.analysis.performer.actor` (new:Reference(Practitioner,PractitionerRole,Organization,Device))","Element `GenomicStudy.analysis.performer.actor` is part of an existing definition because parent element `GenomicStudy.analysis.performer` requires a cross-version extension.
Element `GenomicStudy.analysis.performer.actor` is not mapped to FHIR R4, since FHIR R5 `GenomicStudy` is not mapped.
Element `GenomicStudy.analysis.performer.actor` has no mapping targets in FHIR R4. Typically, this is because the element has been added (is a new element).","Element `GenomicStudy.analysis.performer.actor` is part of an existing definition because parent element `GenomicStudy.analysis.performer` requires a cross-version extension.
Element `GenomicStudy.analysis.performer.actor` is not mapped to FHIR R4, since FHIR R5 `GenomicStudy` is not mapped.
Element `GenomicStudy.analysis.performer.actor` has no mapping targets in FHIR R4. Typically, this is because the element has been added (is a new element).","","","","","","","",,,,,"",,,,"Element.extension",0,*,"","ele-1:All FHIR elements must have a @value or children {hasValue() or (children().count() > id.count())}
ext-1:Must have either extensions or value[x], not both {extension.exists() != value.exists()}"
"Extension.extension:performer.extension:actor.id","Extension.extension.extension.id","","","",0,1,"","","","string {[]} {[]}
","Unique id for inter-element referencing","Unique id for the element within a resource (for internal references). This may be any string value that does not contain spaces.","","","","","","","","","",,,,,"",,,,"Element.id",0,1,"","","n/a"
"Extension.extension:performer.extension:actor.extension","Extension.extension.extension.extension","","extensions
user content","",0,*,"","","","Extension {[]} {[]}
","Additional content defined by implementations","May be used to represent additional information that is not part of the basic definition of the element. To make the use of extensions safe and manageable, there is a strict set of governance  applied to the definition and use of extensions. Though any implementer can define an extension, there is a set of requirements that SHALL be met as part of the definition of the extension.","There can be no stigma associated with the use of extensions by any application, project, or standard - regardless of the institution or jurisdiction that uses or defines the extensions.  The use of extensions is what allows the FHIR specification to retain a core level of simplicity for everyone.","","","","","","","","",,,,,"","value:url}
","Extensions are always sliced by (at least) url",,"open","Element.extension",0,*,"","ele-1:All FHIR elements must have a @value or children {hasValue() or (children().count() > id.count())}
ext-1:Must have either extensions or value[x], not both {extension.exists() != value.exists()}","n/a"
"Extension.extension:performer.extension:actor.url","Extension.extension.extension.url","","","",1,1,"","","","uri {[]} {[]}
","identifies the meaning of the extension","Source of the definition for the extension code - a logical name or a URL.","The definition may point directly to a computable or human-readable definition of the extensibility codes, or it may be a logical URI as declared in some other specification. The definition SHALL be a URI for the Structure Definition defining the extension.","","","","<valueUri xmlns=""http://hl7.org/fhir"" value=""actor""/>","","","","",,,,,"",,,,"Extension.url",1,1,"","","N/A"
"Extension.extension:performer.extension:actor.value[x]","Extension.extension.extension.value[x]","","","",0,1,"","","","Reference {[]} {[CanonicalType[http://hl7.org/fhir/5.0/StructureDefinition/profile-Practitioner|0.1.0], CanonicalType[http://hl7.org/fhir/StructureDefinition/Practitioner|4.0.1], CanonicalType[http://hl7.org/fhir/5.0/StructureDefinition/profile-PractitionerRole|0.1.0], CanonicalType[http://hl7.org/fhir/StructureDefinition/PractitionerRole|4.0.1], CanonicalType[http://hl7.org/fhir/5.0/StructureDefinition/profile-Organization|0.1.0], CanonicalType[http://hl7.org/fhir/StructureDefinition/Organization|4.0.1], CanonicalType[http://hl7.org/fhir/5.0/StructureDefinition/profile-Device|0.1.0], CanonicalType[http://hl7.org/fhir/StructureDefinition/Device|4.0.1]]}
","The organization, healthcare professional, or others who participated in performing this analysis","The organization, healthcare professional, or others who participated in performing this analysis.","","","","","","","","","",,,,,"",,,,"Extension.value[x]",0,1,"","ele-1:All FHIR elements must have a @value or children {hasValue() or (children().count() > id.count())}
","N/A"
"Extension.extension:performer.extension:role","Extension.extension.extension","role","","",0,1,"","","","Extension {[]} {[]}
","R5: Role of the actor for this analysis (new)","R5: `GenomicStudy.analysis.performer.role` (new:CodeableConcept)","Element `GenomicStudy.analysis.performer.role` is part of an existing definition because parent element `GenomicStudy.analysis.performer` requires a cross-version extension.
Element `GenomicStudy.analysis.performer.role` is not mapped to FHIR R4, since FHIR R5 `GenomicStudy` is not mapped.
Element `GenomicStudy.analysis.performer.role` has no mapping targets in FHIR R4. Typically, this is because the element has been added (is a new element).","Element `GenomicStudy.analysis.performer.role` is part of an existing definition because parent element `GenomicStudy.analysis.performer` requires a cross-version extension.
Element `GenomicStudy.analysis.performer.role` is not mapped to FHIR R4, since FHIR R5 `GenomicStudy` is not mapped.
Element `GenomicStudy.analysis.performer.role` has no mapping targets in FHIR R4. Typically, this is because the element has been added (is a new element).","","","","","","","",,,,,"",,,,"Element.extension",0,*,"","ele-1:All FHIR elements must have a @value or children {hasValue() or (children().count() > id.count())}
ext-1:Must have either extensions or value[x], not both {extension.exists() != value.exists()}"
"Extension.extension:performer.extension:role.id","Extension.extension.extension.id","","","",0,1,"","","","string {[]} {[]}
","Unique id for inter-element referencing","Unique id for the element within a resource (for internal references). This may be any string value that does not contain spaces.","","","","","","","","","",,,,,"",,,,"Element.id",0,1,"","","n/a"
"Extension.extension:performer.extension:role.extension","Extension.extension.extension.extension","","extensions
user content","",0,*,"","","","Extension {[]} {[]}
","Additional content defined by implementations","May be used to represent additional information that is not part of the basic definition of the element. To make the use of extensions safe and manageable, there is a strict set of governance  applied to the definition and use of extensions. Though any implementer can define an extension, there is a set of requirements that SHALL be met as part of the definition of the extension.","There can be no stigma associated with the use of extensions by any application, project, or standard - regardless of the institution or jurisdiction that uses or defines the extensions.  The use of extensions is what allows the FHIR specification to retain a core level of simplicity for everyone.","","","","","","","","",,,,,"","value:url}
","Extensions are always sliced by (at least) url",,"open","Element.extension",0,*,"","ele-1:All FHIR elements must have a @value or children {hasValue() or (children().count() > id.count())}
ext-1:Must have either extensions or value[x], not both {extension.exists() != value.exists()}","n/a"
"Extension.extension:performer.extension:role.url","Extension.extension.extension.url","","","",1,1,"","","","uri {[]} {[]}
","identifies the meaning of the extension","Source of the definition for the extension code - a logical name or a URL.","The definition may point directly to a computable or human-readable definition of the extensibility codes, or it may be a logical URI as declared in some other specification. The definition SHALL be a URI for the Structure Definition defining the extension.","","","","<valueUri xmlns=""http://hl7.org/fhir"" value=""role""/>","","","","",,,,,"",,,,"Extension.url",1,1,"","","N/A"
"Extension.extension:performer.extension:role.value[x]","Extension.extension.extension.value[x]","","","",0,1,"","","","CodeableConcept {[]} {[]}
","Role of the actor for this analysis","Role of the actor for this analysis.","","","","","","","","","",,,,,"",,,,"Extension.value[x]",0,1,"","ele-1:All FHIR elements must have a @value or children {hasValue() or (children().count() > id.count())}
","N/A"
"Extension.extension:performer.url","Extension.extension.url","","","",1,1,"","","","uri {[]} {[]}
","identifies the meaning of the extension","Source of the definition for the extension code - a logical name or a URL.","The definition may point directly to a computable or human-readable definition of the extensibility codes, or it may be a logical URI as declared in some other specification. The definition SHALL be a URI for the Structure Definition defining the extension.","","","","<valueUri xmlns=""http://hl7.org/fhir"" value=""performer""/>","","","","",,,,,"",,,,"Extension.url",1,1,"","","N/A"
"Extension.extension:performer.value[x]","Extension.extension.value[x]","","","",0,0,"","","","base64Binary {[]} {[]}
boolean {[]} {[]}canonical {[]} {[]}code {[]} {[]}date {[]} {[]}dateTime {[]} {[]}decimal {[]} {[]}id {[]} {[]}instant {[]} {[]}integer {[]} {[]}markdown {[]} {[]}oid {[]} {[]}positiveInt {[]} {[]}string {[]} {[]}time {[]} {[]}unsignedInt {[]} {[]}uri {[]} {[]}url {[]} {[]}uuid {[]} {[]}Address {[]} {[]}Age {[]} {[]}Annotation {[]} {[]}Attachment {[]} {[]}CodeableConcept {[]} {[]}Coding {[]} {[]}ContactPoint {[]} {[]}Count {[]} {[]}Distance {[]} {[]}Duration {[]} {[]}HumanName {[]} {[]}Identifier {[]} {[]}Money {[]} {[]}Period {[]} {[]}Quantity {[]} {[]}Range {[]} {[]}Ratio {[]} {[]}Reference {[]} {[]}SampledData {[]} {[]}Signature {[]} {[]}Timing {[]} {[]}ContactDetail {[]} {[]}Contributor {[]} {[]}DataRequirement {[]} {[]}Expression {[]} {[]}ParameterDefinition {[]} {[]}RelatedArtifact {[]} {[]}TriggerDefinition {[]} {[]}UsageContext {[]} {[]}Dosage {[]} {[]}Meta {[]} {[]}","Value of extension","Value of extension - must be one of a constrained set of the data types (see [Extensibility](http://hl7.org/fhir/R4/extensibility.html) for a list).","","","","","","","","","",,,,,"",,,,"Extension.value[x]",0,1,"","ele-1:All FHIR elements must have a @value or children {hasValue() or (children().count() > id.count())}
","N/A"
"Extension.extension:device","Extension.extension","device","","",0,*,"","","","Extension {[]} {[]}
","R5: Devices used for the analysis (e.g., instruments, software), with settings and parameters (new)","R5: `GenomicStudy.analysis.device` (new:BackboneElement)","Element `GenomicStudy.analysis.device` is part of an existing definition because parent element `GenomicStudy.analysis` requires a cross-version extension.
Element `GenomicStudy.analysis.device` is not mapped to FHIR R4, since FHIR R5 `GenomicStudy` is not mapped.
Element `GenomicStudy.analysis.device` has no mapping targets in FHIR R4. Typically, this is because the element has been added (is a new element).","Element `GenomicStudy.analysis.device` is part of an existing definition because parent element `GenomicStudy.analysis` requires a cross-version extension.
Element `GenomicStudy.analysis.device` is not mapped to FHIR R4, since FHIR R5 `GenomicStudy` is not mapped.
Element `GenomicStudy.analysis.device` has no mapping targets in FHIR R4. Typically, this is because the element has been added (is a new element).","","","","","","","",,,,,"",,,,"Element.extension",0,*,"","ele-1:All FHIR elements must have a @value or children {hasValue() or (children().count() > id.count())}
ext-1:Must have either extensions or value[x], not both {extension.exists() != value.exists()}"
"Extension.extension:device.id","Extension.extension.id","","","",0,1,"","","","string {[]} {[]}
","Unique id for inter-element referencing","Unique id for the element within a resource (for internal references). This may be any string value that does not contain spaces.","","","","","","","","","",,,,,"",,,,"Element.id",0,1,"","","n/a"
"Extension.extension:device.extension","Extension.extension.extension","","","",0,*,"","","","Extension {[]} {[]}
","Extension","An Extension","","","","","","","","","",,,,,"","value:url}
","Extensions are always sliced by (at least) url",,"open","Element.extension",0,*,"","ele-1:All FHIR elements must have a @value or children {hasValue() or (children().count() > id.count())}
ext-1:Must have either extensions or value[x], not both {extension.exists() != value.exists()}"
"Extension.extension:device.extension:device","Extension.extension.extension","device","","",0,1,"","","","Extension {[]} {[]}
","R5: Device used for the analysis (new)","R5: `GenomicStudy.analysis.device.device` (new:Reference(Device))","Element `GenomicStudy.analysis.device.device` is part of an existing definition because parent element `GenomicStudy.analysis.device` requires a cross-version extension.
Element `GenomicStudy.analysis.device.device` is not mapped to FHIR R4, since FHIR R5 `GenomicStudy` is not mapped.
Element `GenomicStudy.analysis.device.device` has no mapping targets in FHIR R4. Typically, this is because the element has been added (is a new element).","Element `GenomicStudy.analysis.device.device` is part of an existing definition because parent element `GenomicStudy.analysis.device` requires a cross-version extension.
Element `GenomicStudy.analysis.device.device` is not mapped to FHIR R4, since FHIR R5 `GenomicStudy` is not mapped.
Element `GenomicStudy.analysis.device.device` has no mapping targets in FHIR R4. Typically, this is because the element has been added (is a new element).","","","","","","","",,,,,"",,,,"Element.extension",0,*,"","ele-1:All FHIR elements must have a @value or children {hasValue() or (children().count() > id.count())}
ext-1:Must have either extensions or value[x], not both {extension.exists() != value.exists()}"
"Extension.extension:device.extension:device.id","Extension.extension.extension.id","","","",0,1,"","","","string {[]} {[]}
","Unique id for inter-element referencing","Unique id for the element within a resource (for internal references). This may be any string value that does not contain spaces.","","","","","","","","","",,,,,"",,,,"Element.id",0,1,"","","n/a"
"Extension.extension:device.extension:device.extension","Extension.extension.extension.extension","","extensions
user content","",0,*,"","","","Extension {[]} {[]}
","Additional content defined by implementations","May be used to represent additional information that is not part of the basic definition of the element. To make the use of extensions safe and manageable, there is a strict set of governance  applied to the definition and use of extensions. Though any implementer can define an extension, there is a set of requirements that SHALL be met as part of the definition of the extension.","There can be no stigma associated with the use of extensions by any application, project, or standard - regardless of the institution or jurisdiction that uses or defines the extensions.  The use of extensions is what allows the FHIR specification to retain a core level of simplicity for everyone.","","","","","","","","",,,,,"","value:url}
","Extensions are always sliced by (at least) url",,"open","Element.extension",0,*,"","ele-1:All FHIR elements must have a @value or children {hasValue() or (children().count() > id.count())}
ext-1:Must have either extensions or value[x], not both {extension.exists() != value.exists()}","n/a"
"Extension.extension:device.extension:device.url","Extension.extension.extension.url","","","",1,1,"","","","uri {[]} {[]}
","identifies the meaning of the extension","Source of the definition for the extension code - a logical name or a URL.","The definition may point directly to a computable or human-readable definition of the extensibility codes, or it may be a logical URI as declared in some other specification. The definition SHALL be a URI for the Structure Definition defining the extension.","","","","<valueUri xmlns=""http://hl7.org/fhir"" value=""device""/>","","","","",,,,,"",,,,"Extension.url",1,1,"","","N/A"
"Extension.extension:device.extension:device.value[x]","Extension.extension.extension.value[x]","","","",0,1,"","","","Reference {[]} {[CanonicalType[http://hl7.org/fhir/5.0/StructureDefinition/profile-Device|0.1.0], CanonicalType[http://hl7.org/fhir/StructureDefinition/Device|4.0.1]]}
","Device used for the analysis","Device used for the analysis.","","","","","","","","","",,,,,"",,,,"Extension.value[x]",0,1,"","ele-1:All FHIR elements must have a @value or children {hasValue() or (children().count() > id.count())}
","N/A"
"Extension.extension:device.extension:function","Extension.extension.extension","function","","",0,1,"","","","Extension {[]} {[]}
","R5: Specific function for the device used for the analysis (new)","R5: `GenomicStudy.analysis.device.function` (new:CodeableConcept)","Element `GenomicStudy.analysis.device.function` is part of an existing definition because parent element `GenomicStudy.analysis.device` requires a cross-version extension.
Element `GenomicStudy.analysis.device.function` is not mapped to FHIR R4, since FHIR R5 `GenomicStudy` is not mapped.
Element `GenomicStudy.analysis.device.function` has no mapping targets in FHIR R4. Typically, this is because the element has been added (is a new element).","Element `GenomicStudy.analysis.device.function` is part of an existing definition because parent element `GenomicStudy.analysis.device` requires a cross-version extension.
Element `GenomicStudy.analysis.device.function` is not mapped to FHIR R4, since FHIR R5 `GenomicStudy` is not mapped.
Element `GenomicStudy.analysis.device.function` has no mapping targets in FHIR R4. Typically, this is because the element has been added (is a new element).","","","","","","","",,,,,"",,,,"Element.extension",0,*,"","ele-1:All FHIR elements must have a @value or children {hasValue() or (children().count() > id.count())}
ext-1:Must have either extensions or value[x], not both {extension.exists() != value.exists()}"
"Extension.extension:device.extension:function.id","Extension.extension.extension.id","","","",0,1,"","","","string {[]} {[]}
","Unique id for inter-element referencing","Unique id for the element within a resource (for internal references). This may be any string value that does not contain spaces.","","","","","","","","","",,,,,"",,,,"Element.id",0,1,"","","n/a"
"Extension.extension:device.extension:function.extension","Extension.extension.extension.extension","","extensions
user content","",0,*,"","","","Extension {[]} {[]}
","Additional content defined by implementations","May be used to represent additional information that is not part of the basic definition of the element. To make the use of extensions safe and manageable, there is a strict set of governance  applied to the definition and use of extensions. Though any implementer can define an extension, there is a set of requirements that SHALL be met as part of the definition of the extension.","There can be no stigma associated with the use of extensions by any application, project, or standard - regardless of the institution or jurisdiction that uses or defines the extensions.  The use of extensions is what allows the FHIR specification to retain a core level of simplicity for everyone.","","","","","","","","",,,,,"","value:url}
","Extensions are always sliced by (at least) url",,"open","Element.extension",0,*,"","ele-1:All FHIR elements must have a @value or children {hasValue() or (children().count() > id.count())}
ext-1:Must have either extensions or value[x], not both {extension.exists() != value.exists()}","n/a"
"Extension.extension:device.extension:function.url","Extension.extension.extension.url","","","",1,1,"","","","uri {[]} {[]}
","identifies the meaning of the extension","Source of the definition for the extension code - a logical name or a URL.","The definition may point directly to a computable or human-readable definition of the extensibility codes, or it may be a logical URI as declared in some other specification. The definition SHALL be a URI for the Structure Definition defining the extension.","","","","<valueUri xmlns=""http://hl7.org/fhir"" value=""function""/>","","","","",,,,,"",,,,"Extension.url",1,1,"","","N/A"
"Extension.extension:device.extension:function.value[x]","Extension.extension.extension.value[x]","","","",0,1,"","","","CodeableConcept {[]} {[]}
","Specific function for the device used for the analysis","Specific function for the device used for the analysis.","","","","","","","","","",,,,,"",,,,"Extension.value[x]",0,1,"","ele-1:All FHIR elements must have a @value or children {hasValue() or (children().count() > id.count())}
","N/A"
"Extension.extension:device.url","Extension.extension.url","","","",1,1,"","","","uri {[]} {[]}
","identifies the meaning of the extension","Source of the definition for the extension code - a logical name or a URL.","The definition may point directly to a computable or human-readable definition of the extensibility codes, or it may be a logical URI as declared in some other specification. The definition SHALL be a URI for the Structure Definition defining the extension.","","","","<valueUri xmlns=""http://hl7.org/fhir"" value=""device""/>","","","","",,,,,"",,,,"Extension.url",1,1,"","","N/A"
"Extension.extension:device.value[x]","Extension.extension.value[x]","","","",0,0,"","","","base64Binary {[]} {[]}
boolean {[]} {[]}canonical {[]} {[]}code {[]} {[]}date {[]} {[]}dateTime {[]} {[]}decimal {[]} {[]}id {[]} {[]}instant {[]} {[]}integer {[]} {[]}markdown {[]} {[]}oid {[]} {[]}positiveInt {[]} {[]}string {[]} {[]}time {[]} {[]}unsignedInt {[]} {[]}uri {[]} {[]}url {[]} {[]}uuid {[]} {[]}Address {[]} {[]}Age {[]} {[]}Annotation {[]} {[]}Attachment {[]} {[]}CodeableConcept {[]} {[]}Coding {[]} {[]}ContactPoint {[]} {[]}Count {[]} {[]}Distance {[]} {[]}Duration {[]} {[]}HumanName {[]} {[]}Identifier {[]} {[]}Money {[]} {[]}Period {[]} {[]}Quantity {[]} {[]}Range {[]} {[]}Ratio {[]} {[]}Reference {[]} {[]}SampledData {[]} {[]}Signature {[]} {[]}Timing {[]} {[]}ContactDetail {[]} {[]}Contributor {[]} {[]}DataRequirement {[]} {[]}Expression {[]} {[]}ParameterDefinition {[]} {[]}RelatedArtifact {[]} {[]}TriggerDefinition {[]} {[]}UsageContext {[]} {[]}Dosage {[]} {[]}Meta {[]} {[]}","Value of extension","Value of extension - must be one of a constrained set of the data types (see [Extensibility](http://hl7.org/fhir/R4/extensibility.html) for a list).","","","","","","","","","",,,,,"",,,,"Extension.value[x]",0,1,"","ele-1:All FHIR elements must have a @value or children {hasValue() or (children().count() > id.count())}
","N/A"
"Extension.url","Extension.url","","","",1,1,"","","","uri {[]} {[]}
","identifies the meaning of the extension","Source of the definition for the extension code - a logical name or a URL.","The definition may point directly to a computable or human-readable definition of the extensibility codes, or it may be a logical URI as declared in some other specification. The definition SHALL be a URI for the Structure Definition defining the extension.","","","","<valueUri xmlns=""http://hl7.org/fhir"" value=""http://hl7.org/fhir/5.0/StructureDefinition/extension-GenomicStudy.analysis""/>","","","","",,,,,"",,,,"Extension.url",1,1,"","","N/A"
"Extension.value[x]","Extension.value[x]","","","",0,0,"","","","base64Binary {[]} {[]}
boolean {[]} {[]}canonical {[]} {[]}code {[]} {[]}date {[]} {[]}dateTime {[]} {[]}decimal {[]} {[]}id {[]} {[]}instant {[]} {[]}integer {[]} {[]}markdown {[]} {[]}oid {[]} {[]}positiveInt {[]} {[]}string {[]} {[]}time {[]} {[]}unsignedInt {[]} {[]}uri {[]} {[]}url {[]} {[]}uuid {[]} {[]}Address {[]} {[]}Age {[]} {[]}Annotation {[]} {[]}Attachment {[]} {[]}CodeableConcept {[]} {[]}Coding {[]} {[]}ContactPoint {[]} {[]}Count {[]} {[]}Distance {[]} {[]}Duration {[]} {[]}HumanName {[]} {[]}Identifier {[]} {[]}Money {[]} {[]}Period {[]} {[]}Quantity {[]} {[]}Range {[]} {[]}Ratio {[]} {[]}Reference {[]} {[]}SampledData {[]} {[]}Signature {[]} {[]}Timing {[]} {[]}ContactDetail {[]} {[]}Contributor {[]} {[]}DataRequirement {[]} {[]}Expression {[]} {[]}ParameterDefinition {[]} {[]}RelatedArtifact {[]} {[]}TriggerDefinition {[]} {[]}UsageContext {[]} {[]}Dosage {[]} {[]}Meta {[]} {[]}","Value of extension","Value of extension - must be one of a constrained set of the data types (see [Extensibility](http://hl7.org/fhir/R4/extensibility.html) for a list).","","","","","","","","","",,,,,"",,,,"Extension.value[x]",0,1,"","ele-1:All FHIR elements must have a @value or children {hasValue() or (children().count() > id.count())}
","N/A"
